CT,BoroCt,BoroCode,County,LRS,Number of Records
tract,0tract,0,County_name,,1
003100,2003100,2,Bronx County,27.3,1
003300,2003300,2,Bronx County,38.3,1
003500,2003500,2,Bronx County,35.8,1
003700,2003700,2,Bronx County,30.5,1
003800,2003800,2,Bronx County,35.1,1
003900,2003900,2,Bronx County,37.2,1
000100,2000100,2,Bronx County,,1
000200,2000200,2,Bronx County,29.3,1
000400,2000400,2,Bronx County,28.3,1
001600,2001600,2,Bronx County,33,1
001900,2001900,2,Bronx County,35.4,1
002000,2002000,2,Bronx County,35.8,1
002300,2002300,2,Bronx County,38.3,1
002400,2002400,2,Bronx County,,1
002500,2002500,2,Bronx County,39.1,1
002701,2002701,2,Bronx County,40.7,1
002702,2002702,2,Bronx County,38.4,1
002800,2002800,2,Bronx County,30.5,1
006300,2006300,2,Bronx County,34.6,1
006400,2006400,2,Bronx County,32.4,1
006500,2006500,2,Bronx County,39.9,1
006700,2006700,2,Bronx County,37.9,1
006800,2006800,2,Bronx County,32.3,1
006900,2006900,2,Bronx County,37.2,1
004001,2004001,2,Bronx County,26.7,1
004100,2004100,2,Bronx County,39.6,1
004200,2004200,2,Bronx County,35,1
004300,2004300,2,Bronx County,37.6,1
004400,2004400,2,Bronx County,36.8,1
004600,2004600,2,Bronx County,31.7,1
004800,2004800,2,Bronx County,38.4,1
005001,2005001,2,Bronx County,34.8,1
005002,2005002,2,Bronx County,39,1
005100,2005100,2,Bronx County,40,1
005200,2005200,2,Bronx County,32.8,1
005300,2005300,2,Bronx County,42.2,1
005400,2005400,2,Bronx County,36.7,1
005600,2005600,2,Bronx County,32.9,1
005902,2005902,2,Bronx County,33.1,1
006000,2006000,2,Bronx County,37.8,1
006100,2006100,2,Bronx County,25.8,1
006200,2006200,2,Bronx County,38.8,1
009300,2009300,2,Bronx County,39.5,1
009600,2009600,2,Bronx County,29.1,1
009800,2009800,2,Bronx County,29.6,1
011000,2011000,2,Bronx County,33.6,1
011502,2011502,2,Bronx County,37.8,1
011700,2011700,2,Bronx County,38.4,1
007000,2007000,2,Bronx County,32.6,1
007100,2007100,2,Bronx County,32.4,1
007200,2007200,2,Bronx County,29.1,1
007300,2007300,2,Bronx County,38.9,1
007400,2007400,2,Bronx County,30.5,1
007500,2007500,2,Bronx County,34.9,1
007600,2007600,2,Bronx County,33.8,1
007700,2007700,2,Bronx County,33.5,1
007800,2007800,2,Bronx County,33.4,1
007900,2007900,2,Bronx County,40.5,1
008300,2008300,2,Bronx County,36.7,1
008400,2008400,2,Bronx County,28.5,1
008500,2008500,2,Bronx County,37.3,1
008600,2008600,2,Bronx County,34,1
008700,2008700,2,Bronx County,38.4,1
008900,2008900,2,Bronx County,36.3,1
009000,2009000,2,Bronx County,34.9,1
009200,2009200,2,Bronx County,31.3,1
014701,2014701,2,Bronx County,40.4,1
014702,2014702,2,Bronx County,40.6,1
014900,2014900,2,Bronx County,37.8,1
015100,2015100,2,Bronx County,33.3,1
015200,2015200,2,Bronx County,26.4,1
015300,2015300,2,Bronx County,34.6,1
011800,2011800,2,Bronx County,21.8,1
011900,2011900,2,Bronx County,38.7,1
012101,2012101,2,Bronx County,36.4,1
012102,2012102,2,Bronx County,44.3,1
012300,2012300,2,Bronx County,37,1
012500,2012500,2,Bronx County,35,1
012701,2012701,2,Bronx County,35.1,1
012901,2012901,2,Bronx County,37.1,1
013000,2013000,2,Bronx County,17,1
013100,2013100,2,Bronx County,38,1
013200,2013200,2,Bronx County,22.3,1
013300,2013300,2,Bronx County,34.8,1
013500,2013500,2,Bronx County,34.7,1
013800,2013800,2,Bronx County,20.7,1
014100,2014100,2,Bronx County,37.7,1
014300,2014300,2,Bronx County,32.1,1
014400,2014400,2,Bronx County,34.4,1
014500,2014500,2,Bronx County,39.8,1
017902,2017902,2,Bronx County,39.6,1
018101,2018101,2,Bronx County,37.8,1
018102,2018102,2,Bronx County,35.5,1
018301,2018301,2,Bronx County,29.9,1
018302,2018302,2,Bronx County,38.5,1
018400,2018400,2,Bronx County,23.6,1
015500,2015500,2,Bronx County,35.6,1
015700,2015700,2,Bronx County,37.7,1
015800,2015800,2,Bronx County,24.7,1
015900,2015900,2,Bronx County,39.3,1
016000,2016000,2,Bronx County,20.8,1
016100,2016100,2,Bronx County,37.8,1
016200,2016200,2,Bronx County,23.2,1
016300,2016300,2,Bronx County,,1
016400,2016400,2,Bronx County,20.9,1
016500,2016500,2,Bronx County,41.8,1
016600,2016600,2,Bronx County,24.8,1
016700,2016700,2,Bronx County,38.7,1
016900,2016900,2,Bronx County,33.4,1
017100,2017100,2,Bronx County,,1
017300,2017300,2,Bronx County,37,1
017500,2017500,2,Bronx County,38.3,1
017701,2017701,2,Bronx County,38,1
017702,2017702,2,Bronx County,37.1,1
017901,2017901,2,Bronx County,35.9,1
021200,2021200,2,Bronx County,29.7,1
021301,2021301,2,Bronx County,34.7,1
021302,2021302,2,Bronx County,37.4,1
021501,2021501,2,Bronx County,40.1,1
021502,2021502,2,Bronx County,37.7,1
021601,2021601,2,Bronx County,33.3,1
018500,2018500,2,Bronx County,38.9,1
018900,2018900,2,Bronx County,37.2,1
019300,2019300,2,Bronx County,40.5,1
019400,2019400,2,Bronx County,29.9,1
019500,2019500,2,Bronx County,35.5,1
019700,2019700,2,Bronx County,37.6,1
019900,2019900,2,Bronx County,36.9,1
020000,2020000,2,Bronx County,31.6,1
020100,2020100,2,Bronx County,37.3,1
020200,2020200,2,Bronx County,32,1
020400,2020400,2,Bronx County,33.2,1
020501,2020501,2,Bronx County,39.1,1
020502,2020502,2,Bronx County,34.5,1
020601,2020601,2,Bronx County,30,1
020900,2020900,2,Bronx County,38.5,1
021001,2021001,2,Bronx County,30.8,1
021002,2021002,2,Bronx County,28.5,1
021100,2021100,2,Bronx County,39.1,1
022902,2022902,2,Bronx County,36.7,1
023000,2023000,2,Bronx County,29.6,1
023100,2023100,2,Bronx County,30.8,1
023200,2023200,2,Bronx County,28.6,1
023301,2023301,2,Bronx County,39.6,1
023302,2023302,2,Bronx County,41,1
021602,2021602,2,Bronx County,30.8,1
021700,2021700,2,Bronx County,39.1,1
021800,2021800,2,Bronx County,32.4,1
021900,2021900,2,Bronx County,38.4,1
022000,2022000,2,Bronx County,39.8,1
022101,2022101,2,Bronx County,42.8,1
022102,2022102,2,Bronx County,38.9,1
022200,2022200,2,Bronx County,32.9,1
022300,2022300,2,Bronx County,39.1,1
022401,2022401,2,Bronx County,29.4,1
022403,2022403,2,Bronx County,29.8,1
022404,2022404,2,Bronx County,28.6,1
022500,2022500,2,Bronx County,36.8,1
022701,2022701,2,Bronx County,36.6,1
022702,2022702,2,Bronx County,35.4,1
022703,2022703,2,Bronx County,33.5,1
022800,2022800,2,Bronx County,31.8,1
022901,2022901,2,Bronx County,38.6,1
025100,2025100,2,Bronx County,35.5,1
025200,2025200,2,Bronx County,25.2,1
025300,2025300,2,Bronx County,37.7,1
025400,2025400,2,Bronx County,24,1
025500,2025500,2,Bronx County,36.9,1
025600,2025600,2,Bronx County,28.2,1
023501,2023501,2,Bronx County,39,1
023502,2023502,2,Bronx County,34.2,1
023600,2023600,2,Bronx County,33.4,1
023702,2023702,2,Bronx County,40.9,1
023703,2023703,2,Bronx County,39,1
023704,2023704,2,Bronx County,35.6,1
023800,2023800,2,Bronx County,31.7,1
023900,2023900,2,Bronx County,39.5,1
024000,2024000,2,Bronx County,35.1,1
024100,2024100,2,Bronx County,38.6,1
024300,2024300,2,Bronx County,37.8,1
024400,2024400,2,Bronx County,26.3,1
024501,2024501,2,Bronx County,38.1,1
024502,2024502,2,Bronx County,36.3,1
024600,2024600,2,Bronx County,24.1,1
024700,2024700,2,Bronx County,35.8,1
024800,2024800,2,Bronx County,22.6,1
024900,2024900,2,Bronx County,,1
025000,2025000,2,Bronx County,16.5,1
028400,2028400,2,Bronx County,15.1,1
028500,2028500,2,Bronx County,25.8,1
028600,2028600,2,Bronx County,24.8,1
028700,2028700,2,Bronx County,28.1,1
028800,2028800,2,Bronx County,20.3,1
028900,2028900,2,Bronx County,29.7,1
025700,2025700,2,Bronx County,36,1
026100,2026100,2,Bronx County,24,1
026300,2026300,2,Bronx County,33.4,1
026400,2026400,2,Bronx County,23.6,1
026500,2026500,2,Bronx County,36.1,1
026601,2026601,2,Bronx County,25.8,1
026602,2026602,2,Bronx County,27,1
026701,2026701,2,Bronx County,36.6,1
026702,2026702,2,Bronx County,33.2,1
026900,2026900,2,Bronx County,34.6,1
027300,2027300,2,Bronx County,35.5,1
027401,2027401,2,Bronx County,19.1,1
027402,2027402,2,Bronx County,18.6,1
027600,2027600,2,Bronx County,20.4,1
027700,2027700,2,Bronx County,32.7,1
027900,2027900,2,Bronx County,29.1,1
028100,2028100,2,Bronx County,20.8,1
028300,2028300,2,Bronx County,35.2,1
032600,2032600,2,Bronx County,21.8,1
032800,2032800,2,Bronx County,32.4,1
033000,2033000,2,Bronx County,30.3,1
033201,2033201,2,Bronx County,29,1
033202,2033202,2,Bronx County,29.3,1
033400,2033400,2,Bronx County,32.3,1
029301,2029301,2,Bronx County,16,1
029302,2029302,2,Bronx County,17.4,1
029500,2029500,2,Bronx County,24.9,1
029600,2029600,2,Bronx County,27.6,1
029700,2029700,2,Bronx County,20.1,1
030000,2030000,2,Bronx County,25.6,1
030100,2030100,2,Bronx County,15.6,1
030200,2030200,2,Bronx County,22.2,1
030701,2030701,2,Bronx County,20,1
030900,2030900,2,Bronx County,16.3,1
031000,2031000,2,Bronx County,17.6,1
031200,2031200,2,Bronx County,13.1,1
031400,2031400,2,Bronx County,21.9,1
031600,2031600,2,Bronx County,22.4,1
031800,2031800,2,Bronx County,24.3,1
031900,2031900,2,Bronx County,,1
032300,2032300,2,Bronx County,19.5,1
032400,2032400,2,Bronx County,34.8,1
036400,2036400,2,Bronx County,28.2,1
036501,2036501,2,Bronx County,36.2,1
036502,2036502,2,Bronx County,36.8,1
036700,2036700,2,Bronx County,37.3,1
036800,2036800,2,Bronx County,29.5,1
036901,2036901,2,Bronx County,39.9,1
033500,2033500,2,Bronx County,21.6,1
033600,2033600,2,Bronx County,31.8,1
033700,2033700,2,Bronx County,20.6,1
033800,2033800,2,Bronx County,31.9,1
034000,2034000,2,Bronx County,33,1
034200,2034200,2,Bronx County,30.1,1
034300,2034300,2,Bronx County,26.3,1
034400,2034400,2,Bronx County,28,1
034500,2034500,2,Bronx County,23.6,1
034800,2034800,2,Bronx County,31.3,1
035000,2035000,2,Bronx County,29.5,1
035100,2035100,2,Bronx County,26.8,1
035600,2035600,2,Bronx County,26.5,1
035800,2035800,2,Bronx County,27.7,1
035900,2035900,2,Bronx County,36.7,1
036000,2036000,2,Bronx County,23.8,1
036100,2036100,2,Bronx County,37.8,1
036300,2036300,2,Bronx County,39.6,1
038800,2038800,2,Bronx County,32.1,1
038900,2038900,2,Bronx County,36.5,1
039000,2039000,2,Bronx County,32.1,1
039100,2039100,2,Bronx County,35.7,1
039200,2039200,2,Bronx County,35.2,1
039300,2039300,2,Bronx County,37.5,1
036902,2036902,2,Bronx County,37.7,1
037000,2037000,2,Bronx County,29,1
037100,2037100,2,Bronx County,31.5,1
037200,2037200,2,Bronx County,32.9,1
037300,2037300,2,Bronx County,34.9,1
037400,2037400,2,Bronx County,33.7,1
037504,2037504,2,Bronx County,39,1
037600,2037600,2,Bronx County,32.8,1
037800,2037800,2,Bronx County,33.1,1
037900,2037900,2,Bronx County,37,1
038000,2038000,2,Bronx County,33.4,1
038100,2038100,2,Bronx County,36.2,1
038200,2038200,2,Bronx County,31.5,1
038301,2038301,2,Bronx County,39.9,1
038302,2038302,2,Bronx County,40,1
038500,2038500,2,Bronx County,36.8,1
038600,2038600,2,Bronx County,31.5,1
038700,2038700,2,Bronx County,35.8,1
040900,2040900,2,Bronx County,27.6,1
041100,2041100,2,Bronx County,32.4,1
041300,2041300,2,Bronx County,33.4,1
041400,2041400,2,Bronx County,26.7,1
041500,2041500,2,Bronx County,35.3,1
041800,2041800,2,Bronx County,32.7,1
039400,2039400,2,Bronx County,32,1
039500,2039500,2,Bronx County,36.8,1
039600,2039600,2,Bronx County,33.6,1
039700,2039700,2,Bronx County,36.2,1
039800,2039800,2,Bronx County,26.8,1
039901,2039901,2,Bronx County,37.7,1
039902,2039902,2,Bronx County,35.8,1
040100,2040100,2,Bronx County,40,1
040302,2040302,2,Bronx County,36.7,1
040303,2040303,2,Bronx County,35.8,1
040304,2040304,2,Bronx County,36.9,1
040400,2040400,2,Bronx County,30.4,1
040501,2040501,2,Bronx County,37.2,1
040502,2040502,2,Bronx County,36.9,1
040600,2040600,2,Bronx County,33,1
040701,2040701,2,Bronx County,36.5,1
040702,2040702,2,Bronx County,34.5,1
040800,2040800,2,Bronx County,33.3,1
044800,2044800,2,Bronx County,27.5,1
044901,2044901,2,Bronx County,21.3,1
044902,2044902,2,Bronx County,23.8,1
045101,2045101,2,Bronx County,21.4,1
045102,2045102,2,Bronx County,19.3,1
045600,2045600,2,Bronx County,24.9,1
041900,2041900,2,Bronx County,31.9,1
042000,2042000,2,Bronx County,32.3,1
042100,2042100,2,Bronx County,36.9,1
042200,2042200,2,Bronx County,29.5,1
042300,2042300,2,Bronx County,32.7,1
042400,2042400,2,Bronx County,25.8,1
042500,2042500,2,Bronx County,35.4,1
042600,2042600,2,Bronx County,25.4,1
042800,2042800,2,Bronx County,26.6,1
042901,2042901,2,Bronx County,31.4,1
042902,2042902,2,Bronx County,32.4,1
043000,2043000,2,Bronx County,27.9,1
043100,2043100,2,Bronx County,33.9,1
043400,2043400,2,Bronx County,31.9,1
043500,2043500,2,Bronx County,43,1
043600,2043600,2,Bronx County,25.1,1
044200,2044200,2,Bronx County,31.3,1
044400,2044400,2,Bronx County,27.8,1
045800,2045800,2,Bronx County,40.4,1
046000,2046000,2,Bronx County,35,1
046201,2046201,2,Bronx County,23.5,1
046202,2046202,2,Bronx County,31.7,1
048400,2048400,2,Bronx County,28.6,1
050400,2050400,2,Bronx County,39.3,1
051600,2051600,2,Bronx County,20.7,1
tract,0tract,0,County_name,,1
002100,3002100,3,Kings County,23.7,1
002200,3002200,3,Kings County,28.7,1
002300,3002300,3,Kings County,38.4,1
002901,3002901,3,Kings County,35.6,1
003000,3003000,3,Kings County,23.7,1
003100,3003100,3,Kings County,23,1
000100,3000100,3,Kings County,20.4,1
000200,3000200,3,Kings County,36.3,1
000301,3000301,3,Kings County,20.3,1
000501,3000501,3,Kings County,22.4,1
000502,3000502,3,Kings County,20.4,1
000700,3000700,3,Kings County,22.3,1
000900,3000900,3,Kings County,24.6,1
001100,3001100,3,Kings County,30.6,1
001300,3001300,3,Kings County,23.1,1
001500,3001500,3,Kings County,31.5,1
001800,3001800,3,Kings County,8.4,1
002000,3002000,3,Kings County,36.3,1
005300,3005300,3,Kings County,29.6,1
005400,3005400,3,Kings County,21,1
005601,3005601,3,Kings County,19.7,1
005602,3005602,3,Kings County,21,1
005800,3005800,3,Kings County,25.7,1
005900,3005900,3,Kings County,29.7,1
003300,3003300,3,Kings County,27.4,1
003400,3003400,3,Kings County,19.7,1
003500,3003500,3,Kings County,26.4,1
003600,3003600,3,Kings County,22.3,1
003700,3003700,3,Kings County,27.4,1
003800,3003800,3,Kings County,20.6,1
003900,3003900,3,Kings County,24.8,1
004100,3004100,3,Kings County,22.5,1
004300,3004300,3,Kings County,25.6,1
004400,3004400,3,Kings County,16.2,1
004500,3004500,3,Kings County,20.2,1
004600,3004600,3,Kings County,16,1
004700,3004700,3,Kings County,25.2,1
004900,3004900,3,Kings County,19.9,1
005000,3005000,3,Kings County,19.1,1
005100,3005100,3,Kings County,21.4,1
005201,3005201,3,Kings County,18.9,1
005202,3005202,3,Kings County,18.9,1
008200,3008200,3,Kings County,30.7,1
008400,3008400,3,Kings County,28.9,1
008500,3008500,3,Kings County,37.1,1
008600,3008600,3,Kings County,,1
008800,3008800,3,Kings County,28.1,1
009000,3009000,3,Kings County,30.9,1
009200,3009200,3,Kings County,29.1,1
006000,3006000,3,Kings County,25.8,1
006200,3006200,3,Kings County,24.6,1
006300,3006300,3,Kings County,23.9,1
006400,3006400,3,Kings County,21.6,1
006500,3006500,3,Kings County,21.1,1
006600,3006600,3,Kings County,25.5,1
006700,3006700,3,Kings County,20.1,1
006800,3006800,3,Kings County,26.8,1
006900,3006900,3,Kings County,22.4,1
007000,3007000,3,Kings County,22.7,1
007100,3007100,3,Kings County,29.8,1
007200,3007200,3,Kings County,33.9,1
007400,3007400,3,Kings County,34.4,1
007500,3007500,3,Kings County,21.2,1
007600,3007600,3,Kings County,29.3,1
007700,3007700,3,Kings County,22.8,1
007800,3007800,3,Kings County,32.4,1
008000,3008000,3,Kings County,30.6,1
012200,3012200,3,Kings County,31.8,1
012600,3012600,3,Kings County,27.3,1
012700,3012700,3,Kings County,31.7,1
012801,3012801,3,Kings County,24.4,1
012901,3012901,3,Kings County,24.9,1
012902,3012902,3,Kings County,25.3,1
009400,3009400,3,Kings County,28.4,1
009600,3009600,3,Kings County,28.5,1
009800,3009800,3,Kings County,32.9,1
010000,3010000,3,Kings County,29.9,1
010100,3010100,3,Kings County,30.2,1
010200,3010200,3,Kings County,29.9,1
010400,3010400,3,Kings County,28.8,1
010600,3010600,3,Kings County,28.9,1
010800,3010800,3,Kings County,28.6,1
011000,3011000,3,Kings County,30.5,1
011200,3011200,3,Kings County,27,1
011400,3011400,3,Kings County,23.1,1
011600,3011600,3,Kings County,28.1,1
011700,3011700,3,Kings County,27.6,1
011800,3011800,3,Kings County,31.2,1
011900,3011900,3,Kings County,27.6,1
012000,3012000,3,Kings County,28.5,1
012100,3012100,3,Kings County,26.2,1
015000,3015000,3,Kings County,18.3,1
015100,3015100,3,Kings County,20.4,1
015200,3015200,3,Kings County,22.4,1
015300,3015300,3,Kings County,21.9,1
015400,3015400,3,Kings County,,1
015500,3015500,3,Kings County,19.7,1
013000,3013000,3,Kings County,25.3,1
013100,3013100,3,Kings County,23.1,1
013200,3013200,3,Kings County,25.5,1
013300,3013300,3,Kings County,22.4,1
013400,3013400,3,Kings County,22,1
013500,3013500,3,Kings County,23.7,1
013600,3013600,3,Kings County,23.9,1
013700,3013700,3,Kings County,25.7,1
013800,3013800,3,Kings County,24.5,1
013900,3013900,3,Kings County,27.6,1
014000,3014000,3,Kings County,20.4,1
014100,3014100,3,Kings County,24.2,1
014200,3014200,3,Kings County,24.3,1
014300,3014300,3,Kings County,27.9,1
014500,3014500,3,Kings County,27.5,1
014700,3014700,3,Kings County,27.2,1
014800,3014800,3,Kings County,16.8,1
014900,3014900,3,Kings County,24.2,1
016400,3016400,3,Kings County,32.1,1
016500,3016500,3,Kings County,18.4,1
016900,3016900,3,Kings County,23.8,1
017000,3017000,3,Kings County,22.1,1
017100,3017100,3,Kings County,18.6,1
017200,3017200,3,Kings County,20.6,1
018000,3018000,3,Kings County,23.6,1
018100,3018100,3,Kings County,24,1
018200,3018200,3,Kings County,25.3,1
017400,3017400,3,Kings County,17.9,1
017500,3017500,3,Kings County,,1
017600,3017600,3,Kings County,24,1
017700,3017700,3,Kings County,,1
017800,3017800,3,Kings County,25.5,1
017900,3017900,3,Kings County,27.8,1
016600,3016600,3,Kings County,13.4,1
016700,3016700,3,Kings County,19.9,1
016800,3016800,3,Kings County,18.2,1
015700,3015700,3,Kings County,20,1
015900,3015900,3,Kings County,19.5,1
016000,3016000,3,Kings County,25.3,1
016100,3016100,3,Kings County,24.4,1
016200,3016200,3,Kings County,20.2,1
016300,3016300,3,Kings County,24.7,1
020200,3020200,3,Kings County,19.6,1
020300,3020300,3,Kings County,27.7,1
020400,3020400,3,Kings County,17.5,1
020500,3020500,3,Kings County,26.1,1
020600,3020600,3,Kings County,20.5,1
020700,3020700,3,Kings County,23.7,1
018300,3018300,3,Kings County,25.1,1
018400,3018400,3,Kings County,18.1,1
018501,3018501,3,Kings County,34.8,1
018600,3018600,3,Kings County,22,1
018700,3018700,3,Kings County,28.1,1
018800,3018800,3,Kings County,20.5,1
019000,3019000,3,Kings County,26.5,1
019100,3019100,3,Kings County,29.8,1
019200,3019200,3,Kings County,23.2,1
019300,3019300,3,Kings County,26.1,1
019400,3019400,3,Kings County,26,1
019500,3019500,3,Kings County,25.5,1
019600,3019600,3,Kings County,25.3,1
019700,3019700,3,Kings County,22,1
019800,3019800,3,Kings County,22.1,1
019900,3019900,3,Kings County,28,1
020000,3020000,3,Kings County,20.1,1
020100,3020100,3,Kings County,26.8,1
022900,3022900,3,Kings County,29.9,1
023000,3023000,3,Kings County,27.9,1
023100,3023100,3,Kings County,28.4,1
023200,3023200,3,Kings County,24.3,1
023300,3023300,3,Kings County,31.1,1
023400,3023400,3,Kings County,22.1,1
020800,3020800,3,Kings County,22.5,1
021000,3021000,3,Kings County,24.4,1
021100,3021100,3,Kings County,30.3,1
021200,3021200,3,Kings County,26,1
021300,3021300,3,Kings County,32.3,1
021400,3021400,3,Kings County,25.5,1
021500,3021500,3,Kings County,28.2,1
021600,3021600,3,Kings County,23.6,1
021700,3021700,3,Kings County,31.8,1
021800,3021800,3,Kings County,23.2,1
021900,3021900,3,Kings County,30.6,1
022000,3022000,3,Kings County,22.7,1
022100,3022100,3,Kings County,30,1
022200,3022200,3,Kings County,23.6,1
022400,3022400,3,Kings County,27,1
022600,3022600,3,Kings County,32.4,1
022700,3022700,3,Kings County,30.1,1
022800,3022800,3,Kings County,25.8,1
025500,3025500,3,Kings County,40.1,1
025600,3025600,3,Kings County,24.2,1
025700,3025700,3,Kings County,33.8,1
025800,3025800,3,Kings County,24.8,1
025901,3025901,3,Kings County,35.5,1
025902,3025902,3,Kings County,36.8,1
023500,3023500,3,Kings County,30.9,1
023600,3023600,3,Kings County,22,1
023800,3023800,3,Kings County,19.5,1
024000,3024000,3,Kings County,22.8,1
024100,3024100,3,Kings County,28.7,1
024200,3024200,3,Kings County,20.5,1
024300,3024300,3,Kings County,29.3,1
024400,3024400,3,Kings County,23.5,1
024500,3024500,3,Kings County,31,1
024600,3024600,3,Kings County,21.3,1
024700,3024700,3,Kings County,33.2,1
024800,3024800,3,Kings County,25.2,1
024900,3024900,3,Kings County,31.5,1
025000,3025000,3,Kings County,22.3,1
025100,3025100,3,Kings County,32,1
025200,3025200,3,Kings County,23.6,1
025300,3025300,3,Kings County,30.3,1
025400,3025400,3,Kings County,23.7,1
027800,3027800,3,Kings County,23.7,1
027900,3027900,3,Kings County,31.9,1
028000,3028000,3,Kings County,24,1
028100,3028100,3,Kings County,36.1,1
028200,3028200,3,Kings County,21.3,1
028300,3028300,3,Kings County,36.1,1
026000,3026000,3,Kings County,21.3,1
026100,3026100,3,Kings County,32.1,1
026200,3026200,3,Kings County,21.3,1
026300,3026300,3,Kings County,32.8,1
026400,3026400,3,Kings County,25.3,1
026500,3026500,3,Kings County,31.4,1
026600,3026600,3,Kings County,23.7,1
026700,3026700,3,Kings County,27.8,1
026800,3026800,3,Kings County,24.7,1
026900,3026900,3,Kings County,31,1
027000,3027000,3,Kings County,21.7,1
027100,3027100,3,Kings County,31.6,1
027200,3027200,3,Kings County,23.6,1
027300,3027300,3,Kings County,28.5,1
027400,3027400,3,Kings County,20.5,1
027500,3027500,3,Kings County,29.4,1
027600,3027600,3,Kings County,28.4,1
027700,3027700,3,Kings County,34.3,1
030100,3030100,3,Kings County,32.2,1
030200,3030200,3,Kings County,21.4,1
030300,3030300,3,Kings County,34.2,1
030400,3030400,3,Kings County,20.8,1
030500,3030500,3,Kings County,31,1
030600,3030600,3,Kings County,24.8,1
028400,3028400,3,Kings County,23.9,1
028501,3028501,3,Kings County,32.4,1
028502,3028502,3,Kings County,36.4,1
028600,3028600,3,Kings County,25.1,1
028700,3028700,3,Kings County,30.5,1
028800,3028800,3,Kings County,24.3,1
028900,3028900,3,Kings County,34.1,1
029000,3029000,3,Kings County,21.2,1
029100,3029100,3,Kings County,31.3,1
029200,3029200,3,Kings County,24.5,1
029300,3029300,3,Kings County,32.7,1
029400,3029400,3,Kings County,16.6,1
029500,3029500,3,Kings County,28.4,1
029600,3029600,3,Kings County,20.4,1
029700,3029700,3,Kings County,30.4,1
029800,3029800,3,Kings County,23.7,1
029900,3029900,3,Kings County,35.1,1
030000,3030000,3,Kings County,23.8,1
033100,3033100,3,Kings County,25.4,1
033300,3033300,3,Kings County,25.2,1
033500,3033500,3,Kings County,24.3,1
033600,3033600,3,Kings County,21.4,1
033700,3033700,3,Kings County,26.9,1
033900,3033900,3,Kings County,30.7,1
030700,3030700,3,Kings County,36.7,1
030800,3030800,3,Kings County,23.7,1
030900,3030900,3,Kings County,33.3,1
031100,3031100,3,Kings County,32.8,1
031300,3031300,3,Kings County,31.6,1
031400,3031400,3,Kings County,19.4,1
031500,3031500,3,Kings County,31.2,1
031701,3031701,3,Kings County,32,1
031702,3031702,3,Kings County,30.3,1
031900,3031900,3,Kings County,29.8,1
032100,3032100,3,Kings County,31.5,1
032300,3032300,3,Kings County,29.9,1
032500,3032500,3,Kings County,32.4,1
032600,3032600,3,Kings County,34.5,1
032700,3032700,3,Kings County,27.9,1
032800,3032800,3,Kings County,23.8,1
032900,3032900,3,Kings County,29.2,1
033000,3033000,3,Kings County,30.4,1
036001,3036001,3,Kings County,15.5,1
036002,3036002,3,Kings County,18.4,1
036100,3036100,3,Kings County,33.1,1
036200,3036200,3,Kings County,26.7,1
036300,3036300,3,Kings County,33.3,1
036400,3036400,3,Kings County,23.3,1
034000,3034000,3,Kings County,28.6,1
034100,3034100,3,Kings County,29.3,1
034200,3034200,3,Kings County,30.7,1
034300,3034300,3,Kings County,33,1
034500,3034500,3,Kings County,34.4,1
034700,3034700,3,Kings County,35,1
034800,3034800,3,Kings County,32.5,1
034900,3034900,3,Kings County,34.9,1
035000,3035000,3,Kings County,18.3,1
035100,3035100,3,Kings County,31.5,1
035200,3035200,3,Kings County,22.8,1
035300,3035300,3,Kings County,31.1,1
035400,3035400,3,Kings County,15.8,1
035500,3035500,3,Kings County,33.1,1
035601,3035601,3,Kings County,17.2,1
035602,3035602,3,Kings County,16,1
035700,3035700,3,Kings County,38.9,1
035900,3035900,3,Kings County,36.8,1
038700,3038700,3,Kings County,30.7,1
038800,3038800,3,Kings County,20.9,1
038900,3038900,3,Kings County,29.1,1
039000,3039000,3,Kings County,19.7,1
039100,3039100,3,Kings County,32.2,1
039200,3039200,3,Kings County,20.7,1
036501,3036501,3,Kings County,33.7,1
036502,3036502,3,Kings County,35.7,1
036600,3036600,3,Kings County,23.8,1
036700,3036700,3,Kings County,31.3,1
036900,3036900,3,Kings County,36.4,1
037000,3037000,3,Kings County,18.9,1
037100,3037100,3,Kings County,34.7,1
037300,3037300,3,Kings County,34.3,1
037401,3037401,3,Kings County,21.1,1
037402,3037402,3,Kings County,21.8,1
037500,3037500,3,Kings County,33.9,1
037700,3037700,3,Kings County,31,1
037900,3037900,3,Kings County,32.9,1
038100,3038100,3,Kings County,34.2,1
038200,3038200,3,Kings County,34.8,1
038300,3038300,3,Kings County,29.3,1
038500,3038500,3,Kings County,32,1
038600,3038600,3,Kings County,21,1
041100,3041100,3,Kings County,31.6,1
041200,3041200,3,Kings County,25.1,1
041300,3041300,3,Kings County,31.4,1
041401,3041401,3,Kings County,22.1,1
041402,3041402,3,Kings County,14.5,1
041500,3041500,3,Kings County,36,1
039300,3039300,3,Kings County,33.1,1
039400,3039400,3,Kings County,22.3,1
039500,3039500,3,Kings County,33.1,1
039600,3039600,3,Kings County,22.2,1
039700,3039700,3,Kings County,30.9,1
039800,3039800,3,Kings County,22.4,1
039900,3039900,3,Kings County,33.9,1
040000,3040000,3,Kings County,23.6,1
040100,3040100,3,Kings County,34.8,1
040200,3040200,3,Kings County,24.1,1
040300,3040300,3,Kings County,31.8,1
040400,3040400,3,Kings County,23.3,1
040500,3040500,3,Kings County,35,1
040600,3040600,3,Kings County,24.1,1
040700,3040700,3,Kings County,,1
040800,3040800,3,Kings County,26.1,1
040900,3040900,3,Kings County,34.3,1
041000,3041000,3,Kings County,19.9,1
043400,3043400,3,Kings County,23,1
043500,3043500,3,Kings County,36,1
043600,3043600,3,Kings County,22.5,1
043700,3043700,3,Kings County,34.4,1
043800,3043800,3,Kings County,24.3,1
043900,3043900,3,Kings County,33.8,1
041600,3041600,3,Kings County,23.9,1
041700,3041700,3,Kings County,34.8,1
041800,3041800,3,Kings County,24.1,1
041900,3041900,3,Kings County,34.2,1
042000,3042000,3,Kings County,19.7,1
042100,3042100,3,Kings County,32.2,1
042200,3042200,3,Kings County,24.4,1
042300,3042300,3,Kings County,32.8,1
042400,3042400,3,Kings County,23.1,1
042500,3042500,3,Kings County,35.7,1
042600,3042600,3,Kings County,21.7,1
042700,3042700,3,Kings County,37.2,1
042800,3042800,3,Kings County,19.9,1
042900,3042900,3,Kings County,37.4,1
043000,3043000,3,Kings County,25.1,1
043100,3043100,3,Kings County,35.4,1
043200,3043200,3,Kings County,22.4,1
043300,3043300,3,Kings County,34.8,1
046202,3046202,3,Kings County,20.3,1
046400,3046400,3,Kings County,21.4,1
046800,3046800,3,Kings County,19.1,1
047000,3047000,3,Kings County,19.1,1
047200,3047200,3,Kings County,18.6,1
047400,3047400,3,Kings County,19.7,1
044000,3044000,3,Kings County,20,1
044100,3044100,3,Kings County,33.3,1
044200,3044200,3,Kings County,19.7,1
044300,3044300,3,Kings County,34.6,1
044400,3044400,3,Kings County,21.2,1
044500,3044500,3,Kings County,32,1
044600,3044600,3,Kings County,23.8,1
044700,3044700,3,Kings County,33.7,1
044800,3044800,3,Kings County,23.1,1
044900,3044900,3,Kings County,35.6,1
045000,3045000,3,Kings County,20.5,1
045200,3045200,3,Kings County,17.3,1
045300,3045300,3,Kings County,37.2,1
045400,3045400,3,Kings County,23.1,1
045600,3045600,3,Kings County,22.1,1
045800,3045800,3,Kings County,14,1
046000,3046000,3,Kings County,23.1,1
046201,3046201,3,Kings County,20.1,1
049700,3049700,3,Kings County,25.8,1
049800,3049800,3,Kings County,23.7,1
049900,3049900,3,Kings County,25.2,1
050000,3050000,3,Kings County,20.4,1
050100,3050100,3,Kings County,26,1
050202,3050202,3,Kings County,17.1,1
047600,3047600,3,Kings County,20.6,1
047700,3047700,3,Kings County,23.8,1
047800,3047800,3,Kings County,24.7,1
048000,3048000,3,Kings County,27.3,1
048100,3048100,3,Kings County,26.3,1
048200,3048200,3,Kings County,24.3,1
048400,3048400,3,Kings County,23.8,1
048500,3048500,3,Kings County,32.2,1
048600,3048600,3,Kings County,27.3,1
048800,3048800,3,Kings County,22.7,1
048900,3048900,3,Kings County,38,1
049000,3049000,3,Kings County,25.7,1
049100,3049100,3,Kings County,28.5,1
049200,3049200,3,Kings County,25.2,1
049300,3049300,3,Kings County,34.4,1
049400,3049400,3,Kings County,21.5,1
049500,3049500,3,Kings County,26.8,1
049600,3049600,3,Kings County,26.5,1
051700,3051700,3,Kings County,26.6,1
051800,3051800,3,Kings County,26.3,1
051900,3051900,3,Kings County,26.6,1
052000,3052000,3,Kings County,25.6,1
052300,3052300,3,Kings County,32.8,1
052500,3052500,3,Kings County,27.3,1
050300,3050300,3,Kings County,25.4,1
050400,3050400,3,Kings County,23.2,1
050500,3050500,3,Kings County,29.7,1
050600,3050600,3,Kings County,30.7,1
050700,3050700,3,Kings County,31,1
050801,3050801,3,Kings County,32.3,1
050803,3050803,3,Kings County,30.6,1
050804,3050804,3,Kings County,33.1,1
050900,3050900,3,Kings County,29.2,1
051001,3051001,3,Kings County,36.2,1
051002,3051002,3,Kings County,32.1,1
051100,3051100,3,Kings County,30.1,1
051200,3051200,3,Kings County,32.6,1
051300,3051300,3,Kings County,28.3,1
051400,3051400,3,Kings County,31,1
051500,3051500,3,Kings County,28.8,1
051601,3051601,3,Kings County,34.8,1
051602,3051602,3,Kings County,33.1,1
054700,3054700,3,Kings County,31.1,1
054800,3054800,3,Kings County,15.3,1
054900,3054900,3,Kings County,29.3,1
055000,3055000,3,Kings County,21.5,1
055100,3055100,3,Kings County,29.5,1
055200,3055200,3,Kings County,23.9,1
052600,3052600,3,Kings County,27,1
052700,3052700,3,Kings County,34.6,1
052800,3052800,3,Kings County,20.5,1
052900,3052900,3,Kings County,23.4,1
053000,3053000,3,Kings County,24,1
053100,3053100,3,Kings County,24.6,1
053200,3053200,3,Kings County,21.2,1
053300,3053300,3,Kings County,20.3,1
053400,3053400,3,Kings County,25,1
053500,3053500,3,Kings County,25.8,1
053700,3053700,3,Kings County,21.4,1
053800,3053800,3,Kings County,23.5,1
053900,3053900,3,Kings County,22.6,1
054200,3054200,3,Kings County,21.7,1
054300,3054300,3,Kings County,32.1,1
054400,3054400,3,Kings County,19.5,1
054500,3054500,3,Kings County,26.9,1
054600,3054600,3,Kings County,22.4,1
057300,3057300,3,Kings County,26.2,1
057400,3057400,3,Kings County,15.7,1
057500,3057500,3,Kings County,24.6,1
057600,3057600,3,Kings County,18.9,1
057800,3057800,3,Kings County,23.2,1
057900,3057900,3,Kings County,32.7,1
055300,3055300,3,Kings County,25,1
055400,3055400,3,Kings County,25.5,1
055500,3055500,3,Kings County,28.8,1
055600,3055600,3,Kings County,20.1,1
055700,3055700,3,Kings County,26.3,1
055800,3055800,3,Kings County,21.2,1
056000,3056000,3,Kings County,19.9,1
056100,3056100,3,Kings County,25.5,1
056200,3056200,3,Kings County,10.9,1
056300,3056300,3,Kings County,27,1
056400,3056400,3,Kings County,16.2,1
056500,3056500,3,Kings County,24.1,1
056600,3056600,3,Kings County,20,1
056800,3056800,3,Kings County,17.2,1
056900,3056900,3,Kings County,25.2,1
057000,3057000,3,Kings County,13.8,1
057100,3057100,3,Kings County,22.9,1
057200,3057200,3,Kings County,36.5,1
059000,3059000,3,Kings County,22.6,1
059100,3059100,3,Kings County,24.5,1
059402,3059402,3,Kings County,15,1
059600,3059600,3,Kings County,14.6,1
059800,3059800,3,Kings County,21.5,1
060000,3060000,3,Kings County,18.8,1
061200,3061200,3,Kings County,12.9,1
061600,3061600,3,Kings County,11,1
062000,3062000,3,Kings County,13.1,1
060600,3060600,3,Kings County,19.9,1
060800,3060800,3,Kings County,22.5,1
061002,3061002,3,Kings County,16,1
061003,3061003,3,Kings County,28.6,1
061004,3061004,3,Kings County,20,1
059200,3059200,3,Kings County,18.7,1
059300,3059300,3,Kings County,25.8,1
059401,3059401,3,Kings County,19.8,1
058000,3058000,3,Kings County,22.4,1
058200,3058200,3,Kings County,23.5,1
058400,3058400,3,Kings County,21.3,1
058600,3058600,3,Kings County,23.4,1
058800,3058800,3,Kings County,20,1
058900,3058900,3,Kings County,24.7,1
066600,3066600,3,Kings County,,1
067000,3067000,3,Kings County,24.7,1
067200,3067200,3,Kings County,27,1
067400,3067400,3,Kings County,22.5,1
067600,3067600,3,Kings County,21.8,1
067800,3067800,3,Kings County,24.7,1
062200,3062200,3,Kings County,18.7,1
062600,3062600,3,Kings County,23.7,1
062800,3062800,3,Kings County,17.3,1
063200,3063200,3,Kings County,18.4,1
063600,3063600,3,Kings County,15.2,1
063800,3063800,3,Kings County,15.3,1
064000,3064000,3,Kings County,16.4,1
064200,3064200,3,Kings County,20.7,1
064400,3064400,3,Kings County,21.2,1
064600,3064600,3,Kings County,18.3,1
064800,3064800,3,Kings County,22.7,1
065000,3065000,3,Kings County,20.5,1
065200,3065200,3,Kings County,15.3,1
065400,3065400,3,Kings County,11.5,1
065600,3065600,3,Kings County,15,1
065800,3065800,3,Kings County,15.9,1
066000,3066000,3,Kings County,13.2,1
066200,3066200,3,Kings County,19.1,1
073000,3073000,3,Kings County,25.3,1
073200,3073200,3,Kings County,25.5,1
073400,3073400,3,Kings County,21.5,1
073600,3073600,3,Kings County,28.9,1
073800,3073800,3,Kings County,24.4,1
074000,3074000,3,Kings County,31.7,1
068000,3068000,3,Kings County,23.3,1
068200,3068200,3,Kings County,20.4,1
068600,3068600,3,Kings County,20,1
068800,3068800,3,Kings County,18.7,1
069000,3069000,3,Kings County,26.1,1
069200,3069200,3,Kings County,26.3,1
069601,3069601,3,Kings County,26.4,1
069602,3069602,3,Kings County,22.6,1
069800,3069800,3,Kings County,17.4,1
070000,3070000,3,Kings County,12.1,1
070201,3070201,3,Kings County,16,1
070202,3070202,3,Kings County,4.1,1
070203,3070203,3,Kings County,,1
070600,3070600,3,Kings County,13.9,1
072000,3072000,3,Kings County,30.2,1
072200,3072200,3,Kings County,25.1,1
072400,3072400,3,Kings County,27.2,1
072600,3072600,3,Kings County,24,1
072800,3072800,3,Kings County,27.3,1
078000,3078000,3,Kings County,24.2,1
078200,3078200,3,Kings County,31.1,1
078400,3078400,3,Kings County,25.5,1
078600,3078600,3,Kings County,28.7,1
078800,3078800,3,Kings County,33.2,1
079000,3079000,3,Kings County,31.9,1
074200,3074200,3,Kings County,25.6,1
074400,3074400,3,Kings County,18.3,1
074600,3074600,3,Kings County,21.3,1
074800,3074800,3,Kings County,21.7,1
075000,3075000,3,Kings County,22.8,1
075200,3075200,3,Kings County,12.9,1
075400,3075400,3,Kings County,13.2,1
075600,3075600,3,Kings County,18.9,1
075800,3075800,3,Kings County,15.7,1
076000,3076000,3,Kings County,22.2,1
076200,3076200,3,Kings County,24.5,1
076400,3076400,3,Kings County,27.4,1
076600,3076600,3,Kings County,30,1
076800,3076800,3,Kings County,23,1
077000,3077000,3,Kings County,29.7,1
077200,3077200,3,Kings County,26.4,1
077400,3077400,3,Kings County,31.2,1
077600,3077600,3,Kings County,25.8,1
082600,3082600,3,Kings County,29.1,1
082800,3082800,3,Kings County,31.9,1
083000,3083000,3,Kings County,32.5,1
083200,3083200,3,Kings County,25.2,1
083400,3083400,3,Kings County,23.6,1
083600,3083600,3,Kings County,28.4,1
079200,3079200,3,Kings County,32.1,1
079400,3079400,3,Kings County,32.3,1
079601,3079601,3,Kings County,29.7,1
079602,3079602,3,Kings County,33.4,1
079801,3079801,3,Kings County,27.1,1
079802,3079802,3,Kings County,32.8,1
080000,3080000,3,Kings County,24.9,1
080200,3080200,3,Kings County,29.6,1
080400,3080400,3,Kings County,30,1
080600,3080600,3,Kings County,28.8,1
080800,3080800,3,Kings County,27.2,1
081000,3081000,3,Kings County,29.7,1
081400,3081400,3,Kings County,29.3,1
081600,3081600,3,Kings County,31.7,1
081800,3081800,3,Kings County,32.4,1
082000,3082000,3,Kings County,35,1
082200,3082200,3,Kings County,33.5,1
082400,3082400,3,Kings County,34.1,1
087800,3087800,3,Kings County,31.5,1
088000,3088000,3,Kings County,29.3,1
088200,3088200,3,Kings County,31.2,1
088400,3088400,3,Kings County,33.7,1
088600,3088600,3,Kings County,33.4,1
088800,3088800,3,Kings County,32.5,1
083800,3083800,3,Kings County,21.2,1
084000,3084000,3,Kings County,26.7,1
084600,3084600,3,Kings County,27.3,1
084800,3084800,3,Kings County,26.9,1
085000,3085000,3,Kings County,27,1
085200,3085200,3,Kings County,16.5,1
085400,3085400,3,Kings County,29.4,1
085600,3085600,3,Kings County,31.2,1
085800,3085800,3,Kings County,29.3,1
086000,3086000,3,Kings County,30.3,1
086200,3086200,3,Kings County,31.5,1
086400,3086400,3,Kings County,29.3,1
086600,3086600,3,Kings County,30.4,1
086800,3086800,3,Kings County,31.1,1
087000,3087000,3,Kings County,30.8,1
087200,3087200,3,Kings County,30,1
087401,3087401,3,Kings County,28.2,1
087600,3087600,3,Kings County,26.8,1
093200,3093200,3,Kings County,25.6,1
093400,3093400,3,Kings County,27.4,1
093600,3093600,3,Kings County,27.1,1
093800,3093800,3,Kings County,30.5,1
094401,3094401,3,Kings County,27.2,1
094402,3094402,3,Kings County,39.6,1
089000,3089000,3,Kings County,33.1,1
089200,3089200,3,Kings County,36.8,1
089400,3089400,3,Kings County,31.7,1
089600,3089600,3,Kings County,33.6,1
089800,3089800,3,Kings County,32.2,1
090000,3090000,3,Kings County,38.5,1
090200,3090200,3,Kings County,30,1
090600,3090600,3,Kings County,39.1,1
090800,3090800,3,Kings County,39.3,1
091000,3091000,3,Kings County,38.8,1
tract,0tract,0,County_name,,1
tract,0tract,0,County_name,,1
tract,0tract,0,County_name,,1
096000,3096000,3,Kings County,,1
118000,3118000,3,Kings County,,1
990100,3990100,3,Kings County,,1
152200,3152200,3,Kings County,22.3,1
150200,3150200,3,Kings County,23,1
098400,3098400,3,Kings County,23.3,1
101600,3101600,3,Kings County,23.3,1
101400,3101400,3,Kings County,24.8,1
101800,3101800,3,Kings County,25.3,1
102000,3102000,3,Kings County,25.5,1
099000,3099000,3,Kings County,26,1
099200,3099200,3,Kings County,26.1,1
102200,3102200,3,Kings County,26.1,1
102400,3102400,3,Kings County,26.1,1
099400,3099400,3,Kings County,26.3,1
098800,3098800,3,Kings County,26.6,1
099800,3099800,3,Kings County,26.6,1
101200,3101200,3,Kings County,26.7,1
107800,3107800,3,Kings County,26.7,1
095000,3095000,3,Kings County,26.8,1
095800,3095800,3,Kings County,26.8,1
100600,3100600,3,Kings County,26.9,1
102600,3102600,3,Kings County,27.1,1
094600,3094600,3,Kings County,27.3,1
098600,3098600,3,Kings County,27.5,1
105801,3105801,3,Kings County,27.6,1
095400,3095400,3,Kings County,27.7,1
099600,3099600,3,Kings County,27.7,1
096800,3096800,3,Kings County,27.8,1
097400,3097400,3,Kings County,28.1,1
107000,3107000,3,Kings County,28.2,1
096600,3096600,3,Kings County,28.4,1
095600,3095600,3,Kings County,28.5,1
092200,3092200,3,Kings County,28.8,1
092800,3092800,3,Kings County,28.9,1
100800,3100800,3,Kings County,28.9,1
101000,3101000,3,Kings County,28.9,1
093000,3093000,3,Kings County,29.4,1
120200,3120200,3,Kings County,29.4,1
096400,3096400,3,Kings County,29.6,1
117202,3117202,3,Kings County,29.6,1
100400,3100400,3,Kings County,29.7,1
096200,3096200,3,Kings County,29.9,1
105804,3105804,3,Kings County,29.9,1
123700,3123700,3,Kings County,30.2,1
102800,3102800,3,Kings County,30.4,1
097000,3097000,3,Kings County,30.6,1
114600,3114600,3,Kings County,31.2,1
092000,3092000,3,Kings County,31.3,1
091800,3091800,3,Kings County,31.4,1
116000,3116000,3,Kings County,31.4,1
116400,3116400,3,Kings County,31.4,1
116200,3116200,3,Kings County,31.5,1
115800,3115800,3,Kings County,31.6,1
117201,3117201,3,Kings County,31.6,1
119600,3119600,3,Kings County,32.1,1
111800,3111800,3,Kings County,32.2,1
114202,3114202,3,Kings County,32.2,1
112800,3112800,3,Kings County,32.4,1
118202,3118202,3,Kings County,32.4,1
114201,3114201,3,Kings County,32.5,1
113200,3113200,3,Kings County,32.8,1
118800,3118800,3,Kings County,33.1,1
103400,3103400,3,Kings County,33.2,1
118400,3118400,3,Kings County,33.3,1
117602,3117602,3,Kings County,33.4,1
115200,3115200,3,Kings County,33.5,1
110400,3110400,3,Kings County,33.7,1
113000,3113000,3,Kings County,33.8,1
120800,3120800,3,Kings County,33.8,1
117400,3117400,3,Kings County,33.9,1
119200,3119200,3,Kings County,34.1,1
118201,3118201,3,Kings County,34.3,1
120000,3120000,3,Kings County,34.3,1
118600,3118600,3,Kings County,34.4,1
117601,3117601,3,Kings County,34.5,1
112000,3112000,3,Kings County,34.6,1
117800,3117800,3,Kings County,34.7,1
092400,3092400,3,Kings County,35,1
116600,3116600,3,Kings County,35,1
112400,3112400,3,Kings County,35.1,1
115000,3115000,3,Kings County,35.1,1
119000,3119000,3,Kings County,35.1,1
112600,3112600,3,Kings County,35.5,1
111600,3111600,3,Kings County,35.6,1
114400,3114400,3,Kings County,36,1
109800,3109800,3,Kings County,36.3,1
116800,3116800,3,Kings County,36.4,1
119800,3119800,3,Kings County,36.4,1
121400,3121400,3,Kings County,36.4,1
112200,3112200,3,Kings County,36.6,1
091600,3091600,3,Kings County,36.8,1
119400,3119400,3,Kings County,36.8,1
122000,3122000,3,Kings County,36.9,1
117000,3117000,3,Kings County,38.8,1
115600,3115600,3,Kings County,39,1
111000,3111000,3,Kings County,39.1,1
098200,3098200,3,Kings County,39.4,1
113400,3113400,3,Kings County,39.7,1
121000,3121000,3,Kings County,40,1
110600,3110600,3,Kings County,41,1
091200,3091200,3,Kings County,42,1
000100,1000100,1,New York County,,1
000500,1000500,1,New York County,,1
008602,1008602,1,New York County,,1
014300,1014300,1,New York County,,1
024000,1024000,1,New York County,,1
029700,1029700,1,New York County,,1
031100,1031100,1,New York County,,1
031900,1031900,1,New York County,,1
021703,1021703,1,New York County,0,1
010601,1010601,1,New York County,13.6,1
016001,1016001,1,New York County,15.5,1
015002,1015002,1,New York County,15.6,1
012200,1012200,1,New York County,15.7,1
012800,1012800,1,New York County,15.8,1
008603,1008603,1,New York County,15.9,1
014200,1014200,1,New York County,16.1,1
012000,1012000,1,New York County,16.5,1
013000,1013000,1,New York County,16.6,1
015500,1015500,1,New York County,17.2,1
011401,1011401,1,New York County,17.3,1
014401,1014401,1,New York County,18,1
015001,1015001,1,New York County,18.4,1
001401,1001401,1,New York County,18.6,1
011402,1011402,1,New York County,18.8,1
028100,1028100,1,New York County,18.8,1
014402,1014402,1,New York County,18.9,1
015801,1015801,1,New York County,19.2,1
017500,1017500,1,New York County,19.2,1
005900,1005900,1,New York County,19.3,1
011202,1011202,1,New York County,19.3,1
016700,1016700,1,New York County,19.8,1
007900,1007900,1,New York County,19.9,1
012600,1012600,1,New York County,19.9,1
014801,1014801,1,New York County,19.9,1
013800,1013800,1,New York County,20,1
013600,1013600,1,New York County,20.1,1
019100,1019100,1,New York County,20.1,1
014000,1014000,1,New York County,20.2,1
015300,1015300,1,New York County,20.3,1
001001,1001001,1,New York County,20.5,1
011800,1011800,1,New York County,20.5,1
015900,1015900,1,New York County,20.5,1
008000,1008000,1,New York County,20.6,1
006300,1006300,1,New York County,20.7,1
009700,1009700,1,New York County,20.8,1
010800,1010800,1,New York County,20.8,1
016300,1016300,1,New York County,20.8,1
005400,1005400,1,New York County,21,1
013400,1013400,1,New York County,21,1
010400,1010400,1,New York County,21.2,1
014602,1014602,1,New York County,21.3,1
008800,1008800,1,New York County,21.4,1
010900,1010900,1,New York County,21.4,1
016002,1016002,1,New York County,21.4,1
005501,1005501,1,New York County,21.5,1
007500,1007500,1,New York County,21.5,1
017100,1017100,1,New York County,21.5,1
001501,1001501,1,New York County,21.6,1
017300,1017300,1,New York County,21.6,1
002700,1002700,1,New York County,21.8,1
005700,1005700,1,New York County,21.8,1
016900,1016900,1,New York County,21.8,1
018100,1018100,1,New York County,21.8,1
010602,1010602,1,New York County,22,1
015400,1015400,1,New York County,22,1
016500,1016500,1,New York County,22,1
014900,1014900,1,New York County,22.1,1
007300,1007300,1,New York County,22.2,1
009800,1009800,1,New York County,22.2,1
027500,1027500,1,New York County,22.2,1
010200,1010200,1,New York County,22.3,1
018300,1018300,1,New York County,22.3,1
007100,1007100,1,New York County,22.4,1
008200,1008200,1,New York County,22.4,1
014802,1014802,1,New York County,22.4,1
015700,1015700,1,New York County,22.4,1
018500,1018500,1,New York County,22.5,1
030700,1030700,1,New York County,22.5,1
005000,1005000,1,New York County,22.6,1
016100,1016100,1,New York County,22.7,1
003300,1003300,1,New York County,23,1
003700,1003700,1,New York County,23,1
004800,1004800,1,New York County,23,1
017900,1017900,1,New York County,23,1
006100,1006100,1,New York County,23.1,1
018700,1018700,1,New York County,23.1,1
020500,1020500,1,New York County,23.2,1
011000,1011000,1,New York County,23.3,1
011201,1011201,1,New York County,23.3,1
013700,1013700,1,New York County,23.3,1
001200,1001200,1,New York County,23.4,1
002100,1002100,1,New York County,23.6,1
006400,1006400,1,New York County,23.6,1
008100,1008100,1,New York County,23.7,1
009000,1009000,1,New York County,23.7,1
009300,1009300,1,New York County,23.7,1
010000,1010000,1,New York County,23.7,1
012400,1012400,1,New York County,23.7,1
006700,1006700,1,New York County,23.8,1
014500,1014500,1,New York County,23.8,1
005200,1005200,1,New York County,23.9,1
006600,1006600,1,New York County,23.9,1
013200,1013200,1,New York County,23.9,1
003900,1003900,1,New York County,24,1
007700,1007700,1,New York County,24,1
017700,1017700,1,New York County,24,1
031704,1031704,1,New York County,24.1,1
009600,1009600,1,New York County,24.3,1
011203,1011203,1,New York County,24.4,1
005600,1005600,1,New York County,24.5,1
007000,1007000,1,New York County,24.6,1
019500,1019500,1,New York County,24.6,1
027300,1027300,1,New York County,24.6,1
002602,1002602,1,New York County,24.7,1
007400,1007400,1,New York County,24.7,1
008700,1008700,1,New York County,24.7,1
006000,1006000,1,New York County,24.8,1
014601,1014601,1,New York County,24.9,1
015200,1015200,1,New York County,24.9,1
006900,1006900,1,New York County,25,1
003200,1003200,1,New York County,25.1,1
019900,1019900,1,New York County,25.1,1
023801,1023801,1,New York County,25.1,1
004900,1004900,1,New York County,25.3,1
008601,1008601,1,New York County,25.3,1
009500,1009500,1,New York County,25.4,1
011600,1011600,1,New York County,25.4,1
004500,1004500,1,New York County,25.5,1
009400,1009400,1,New York County,25.5,1
005502,1005502,1,New York County,25.6,1
023802,1023802,1,New York County,25.6,1
013900,1013900,1,New York County,25.7,1
004700,1004700,1,New York County,26,1
004300,1004300,1,New York County,26.1,1
007200,1007200,1,New York County,26.1,1
003800,1003800,1,New York County,26.3,1
031703,1031703,1,New York County,26.3,1
007800,1007800,1,New York County,26.5,1
014700,1014700,1,New York County,26.5,1
005800,1005800,1,New York County,26.6,1
009100,1009100,1,New York County,26.6,1
008900,1008900,1,New York County,26.7,1
013100,1013100,1,New York County,26.9,1
001600,1001600,1,New York County,27,1
003100,1003100,1,New York County,27,1
009200,1009200,1,New York County,27,1
000202,1000202,1,New York County,27.1,1
006500,1006500,1,New York County,27.1,1
012100,1012100,1,New York County,27.2,1
011900,1011900,1,New York County,27.3,1
025700,1025700,1,New York County,27.3,1
004200,1004200,1,New York County,27.4,1
004400,1004400,1,New York County,27.4,1
006800,1006800,1,New York County,27.4,1
002900,1002900,1,New York County,27.6,1
004100,1004100,1,New York County,27.6,1
003602,1003602,1,New York County,27.7,1
012700,1012700,1,New York County,27.7,1
003002,1003002,1,New York County,27.8,1
002202,1002202,1,New York County,27.9,1
004000,1004000,1,New York County,27.9,1
019800,1019800,1,New York County,28,1
020101,1020101,1,New York County,28.2,1
021100,1021100,1,New York County,28.4,1
015601,1015601,1,New York County,28.5,1
019000,1019000,1,New York County,28.5,1
019300,1019300,1,New York County,28.6,1
013300,1013300,1,New York County,28.7,1
001502,1001502,1,New York County,28.8,1
015100,1015100,1,New York County,28.8,1
027100,1027100,1,New York County,28.8,1
000600,1000600,1,New York County,28.9,1
001402,1001402,1,New York County,28.9,1
020701,1020701,1,New York County,28.9,1
000900,1000900,1,New York County,29,1
026500,1026500,1,New York County,29,1
000700,1000700,1,New York County,29.1,1
003400,1003400,1,New York County,29.1,1
006200,1006200,1,New York County,29.1,1
015802,1015802,1,New York County,29.1,1
020000,1020000,1,New York County,29.2,1
000800,1000800,1,New York County,29.3,1
010300,1010300,1,New York County,29.3,1
008300,1008300,1,New York County,29.4,1
013500,1013500,1,New York County,29.4,1
029500,1029500,1,New York County,29.4,1
012900,1012900,1,New York County,29.5,1
012500,1012500,1,New York County,29.8,1
019702,1019702,1,New York County,29.8,1
022200,1022200,1,New York County,29.9,1
022700,1022700,1,New York County,29.9,1
020102,1020102,1,New York County,30,1
024900,1024900,1,New York County,30,1
001800,1001800,1,New York County,30.3,1
007600,1007600,1,New York County,30.4,1
009900,1009900,1,New York County,30.4,1
011100,1011100,1,New York County,30.4,1
024100,1024100,1,New York County,30.4,1
002800,1002800,1,New York County,30.5,1
021200,1021200,1,New York County,30.5,1
028300,1028300,1,New York County,30.5,1
018900,1018900,1,New York County,30.7,1
023501,1023501,1,New York County,30.7,1
030300,1030300,1,New York County,30.7,1
002201,1002201,1,New York County,30.8,1
002601,1002601,1,New York County,31,1
019701,1019701,1,New York County,31,1
022102,1022102,1,New York County,31,1
023900,1023900,1,New York County,31,1
011500,1011500,1,New York County,31.1,1
001300,1001300,1,New York County,31.2,1
003601,1003601,1,New York County,31.2,1
025500,1025500,1,New York County,31.2,1
025900,1025900,1,New York County,31.2,1
008400,1008400,1,New York County,31.3,1
010100,1010100,1,New York County,31.4,1
015602,1015602,1,New York County,31.4,1
016800,1016800,1,New York County,31.4,1
021600,1021600,1,New York County,31.5,1
017000,1017000,1,New York County,31.8,1
022000,1022000,1,New York County,31.8,1
023300,1023300,1,New York County,31.9,1
002000,1002000,1,New York County,32,1
022800,1022800,1,New York County,32,1
027900,1027900,1,New York County,32,1
021400,1021400,1,New York County,32.1,1
017401,1017401,1,New York County,32.2,1
024700,1024700,1,New York County,32.2,1
018800,1018800,1,New York County,32.3,1
020800,1020800,1,New York County,32.3,1
022500,1022500,1,New York County,32.5,1
000201,1000201,1,New York County,32.6,1
022600,1022600,1,New York County,32.7,1
022900,1022900,1,New York County,32.7,1
023100,1023100,1,New York County,32.7,1
011700,1011700,1,New York County,32.8,1
026700,1026700,1,New York County,32.8,1
027700,1027700,1,New York County,32.8,1
003001,1003001,1,New York County,32.9,1
016200,1016200,1,New York County,33,1
016400,1016400,1,New York County,33.1,1
016600,1016600,1,New York County,33.1,1
023600,1023600,1,New York County,33.2,1
021800,1021800,1,New York County,33.5,1
023700,1023700,1,New York County,33.5,1
002500,1002500,1,New York County,33.6,1
017402,1017402,1,New York County,33.6,1
019600,1019600,1,New York County,33.6,1
020300,1020300,1,New York County,33.9,1
022302,1022302,1,New York County,33.9,1
022301,1022301,1,New York County,34.1,1
017200,1017200,1,New York County,34.3,1
028700,1028700,1,New York County,34.3,1
030900,1030900,1,New York County,34.4,1
002400,1002400,1,New York County,34.5,1
017800,1017800,1,New York County,34.6,1
018400,1018400,1,New York County,34.7,1
020600,1020600,1,New York County,34.8,1
024301,1024301,1,New York County,34.8,1
025300,1025300,1,New York County,35.3,1
026900,1026900,1,New York County,35.4,1
021000,1021000,1,New York County,35.5,1
023000,1023000,1,New York County,35.5,1
025100,1025100,1,New York County,35.6,1
011300,1011300,1,New York County,35.7,1
029100,1029100,1,New York County,35.7,1
021303,1021303,1,New York County,35.8,1
018000,1018000,1,New York County,35.9,1
001002,1001002,1,New York County,36.2,1
021500,1021500,1,New York County,36.2,1
023400,1023400,1,New York County,36.2,1
024500,1024500,1,New York County,36.3,1
018200,1018200,1,New York County,36.4,1
019400,1019400,1,New York County,36.4,1
023502,1023502,1,New York County,36.4,1
020901,1020901,1,New York County,36.5,1
023200,1023200,1,New York County,36.5,1
028500,1028500,1,New York County,36.5,1
026100,1026100,1,New York County,36.9,1
026300,1026300,1,New York County,37,1
022400,1022400,1,New York County,37.3,1
029300,1029300,1,New York County,37.5,1
029900,1029900,1,New York County,38.2,1
021900,1021900,1,New York County,38.8,1
024200,1024200,1,New York County,38.8,1
018600,1018600,1,New York County,39.1,1
019200,1019200,1,New York County,40.1,1
024302,1024302,1,New York County,40.4,1
003700,4003700,4,Queens County,,1
009900,4009900,4,Queens County,,1
010701,4010701,4,Queens County,,1
017100,4017100,4,Queens County,,1
022900,4022900,4,Queens County,,1
024600,4024600,4,Queens County,,1
029900,4029900,4,Queens County,,1
033100,4033100,4,Queens County,,1
038301,4038301,4,Queens County,,1
038302,4038302,4,Queens County,,1
042600,4042600,4,Queens County,,1
062400,4062400,4,Queens County,,1
065501,4065501,4,Queens County,,1
071600,4071600,4,Queens County,,1
079300,4079300,4,Queens County,,1
091602,4091602,4,Queens County,,1
099900,4099900,4,Queens County,,1
107202,4107202,4,Queens County,,1
121100,4121100,4,Queens County,,1
138502,4138502,4,Queens County,,1
990100,4990100,4,Queens County,,1
091800,4091800,4,Queens County,0,1
128300,4128300,4,Queens County,6.1,1
155101,4155101,4,Queens County,6.8,1
021900,4021900,4,Queens County,9.2,1
140901,4140901,4,Queens County,9.9,1
145101,4145101,4,Queens County,10.6,1
061302,4061302,4,Queens County,11.4,1
092800,4092800,4,Queens County,11.5,1
055800,4055800,4,Queens County,11.6,1
067100,4067100,4,Queens County,12.2,1
092200,4092200,4,Queens County,13.1,1
150701,4150701,4,Queens County,13.2,1
091601,4091601,4,Queens County,13.6,1
089200,4089200,4,Queens County,13.8,1
127700,4127700,4,Queens County,14.3,1
074900,4074900,4,Queens County,14.4,1
067700,4067700,4,Queens County,14.7,1
124700,4124700,4,Queens County,14.7,1
129102,4129102,4,Queens County,14.7,1
097300,4097300,4,Queens County,14.8,1
157902,4157902,4,Queens County,14.9,1
115100,4115100,4,Queens County,15.1,1
060600,4060600,4,Queens County,15.2,1
105900,4105900,4,Queens County,15.2,1
062000,4062000,4,Queens County,15.4,1
066300,4066300,4,Queens County,15.6,1
101700,4101700,4,Queens County,15.7,1
114100,4114100,4,Queens County,15.7,1
109300,4109300,4,Queens County,15.8,1
133900,4133900,4,Queens County,15.8,1
139900,4139900,4,Queens County,16.2,1
066501,4066501,4,Queens County,16.5,1
099100,4099100,4,Queens County,16.6,1
129104,4129104,4,Queens County,16.6,1
059000,4059000,4,Queens County,16.7,1
073100,4073100,4,Queens County,16.7,1
072300,4072300,4,Queens County,16.9,1
140902,4140902,4,Queens County,16.9,1
148300,4148300,4,Queens County,16.9,1
056100,4056100,4,Queens County,17,1
070700,4070700,4,Queens County,17,1
077902,4077902,4,Queens County,17,1
114700,4114700,4,Queens County,17,1
064101,4064101,4,Queens County,17.1,1
059200,4059200,4,Queens County,17.2,1
066900,4066900,4,Queens County,17.2,1
157901,4157901,4,Queens County,17.2,1
055600,4055600,4,Queens County,17.3,1
063301,4063301,4,Queens County,17.3,1
107201,4107201,4,Queens County,17.3,1
141700,4141700,4,Queens County,17.4,1
009600,4009600,4,Queens County,17.5,1
072900,4072900,4,Queens County,17.5,1
093401,4093401,4,Queens County,17.5,1
152901,4152901,4,Queens County,17.7,1
066100,4066100,4,Queens County,17.8,1
099701,4099701,4,Queens County,17.8,1
140300,4140300,4,Queens County,17.8,1
143500,4143500,4,Queens County,17.8,1
102900,4102900,4,Queens County,17.9,1
133300,4133300,4,Queens County,17.9,1
150702,4150702,4,Queens County,17.9,1
157903,4157903,4,Queens County,17.9,1
065900,4065900,4,Queens County,18,1
161700,4161700,4,Queens County,18,1
103300,4103300,4,Queens County,18.2,1
099703,4099703,4,Queens County,18.3,1
113300,4113300,4,Queens County,18.3,1
129103,4129103,4,Queens County,18.3,1
109900,4109900,4,Queens County,18.4,1
147900,4147900,4,Queens County,18.4,1
015000,4015000,4,Queens County,18.5,1
098100,4098100,4,Queens County,18.5,1
065702,4065702,4,Queens County,18.6,1
099704,4099704,4,Queens County,18.7,1
109700,4109700,4,Queens County,18.7,1
047600,4047600,4,Queens County,18.8,1
157101,4157101,4,Queens County,18.8,1
061200,4061200,4,Queens County,18.9,1
080900,4080900,4,Queens County,18.9,1
147100,4147100,4,Queens County,18.9,1
152902,4152902,4,Queens County,18.9,1
144100,4144100,4,Queens County,19,1
074100,4074100,4,Queens County,19.1,1
088400,4088400,4,Queens County,19.1,1
099705,4099705,4,Queens County,19.1,1
136700,4136700,4,Queens County,19.1,1
142900,4142900,4,Queens County,19.1,1
051100,4051100,4,Queens County,19.3,1
146300,4146300,4,Queens County,19.3,1
004500,4004500,4,Queens County,19.5,1
134100,4134100,4,Queens County,19.5,1
155102,4155102,4,Queens County,19.6,1
111300,4111300,4,Queens County,19.7,1
124100,4124100,4,Queens County,19.7,1
138501,4138501,4,Queens County,19.7,1
051500,4051500,4,Queens County,19.8,1
061601,4061601,4,Queens County,19.8,1
071100,4071100,4,Queens County,19.8,1
075701,4075701,4,Queens County,19.8,1
077903,4077903,4,Queens County,19.8,1
094500,4094500,4,Queens County,19.8,1
069702,4069702,4,Queens County,19.9,1
006201,4006201,4,Queens County,20,1
070900,4070900,4,Queens County,20,1
075702,4075702,4,Queens County,20,1
063700,4063700,4,Queens County,20.1,1
098700,4098700,4,Queens County,20.1,1
112900,4112900,4,Queens County,20.1,1
059900,4059900,4,Queens County,20.2,1
064102,4064102,4,Queens County,20.2,1
031700,4031700,4,Queens County,20.3,1
065703,4065703,4,Queens County,20.3,1
104700,4104700,4,Queens County,20.3,1
023000,4023000,4,Queens County,20.4,1
119500,4119500,4,Queens County,20.4,1
145900,4145900,4,Queens County,20.4,1
064500,4064500,4,Queens County,20.5,1
074300,4074300,4,Queens County,20.5,1
108500,4108500,4,Queens County,20.5,1
013500,4013500,4,Queens County,20.6,1
071702,4071702,4,Queens County,20.6,1
093402,4093402,4,Queens County,20.6,1
070300,4070300,4,Queens County,20.7,1
073700,4073700,4,Queens County,20.7,1
117500,4117500,4,Queens County,20.7,1
054800,4054800,4,Queens County,20.8,1
059600,4059600,4,Queens County,20.8,1
063302,4063302,4,Queens County,20.8,1
103900,4103900,4,Queens County,20.8,1
047200,4047200,4,Queens County,20.9,1
076901,4076901,4,Queens County,20.9,1
120300,4120300,4,Queens County,20.9,1
130100,4130100,4,Queens County,20.9,1
047800,4047800,4,Queens County,21,1
073900,4073900,4,Queens County,21,1
077906,4077906,4,Queens County,21,1
080302,4080302,4,Queens County,21,1
050700,4050700,4,Queens County,21.1,1
062200,4062200,4,Queens County,21.1,1
071303,4071303,4,Queens County,21.1,1
056200,4056200,4,Queens County,21.2,1
066701,4066701,4,Queens County,21.3,1
045200,4045200,4,Queens County,21.4,1
060000,4060000,4,Queens County,21.4,1
122300,4122300,4,Queens County,21.4,1
137700,4137700,4,Queens County,21.4,1
076902,4076902,4,Queens County,21.5,1
115700,4115700,4,Queens County,21.5,1
052100,4052100,4,Queens County,21.6,1
072100,4072100,4,Queens County,21.6,1
119900,4119900,4,Queens County,21.6,1
055400,4055400,4,Queens County,21.7,1
061000,4061000,4,Queens County,21.7,1
071701,4071701,4,Queens County,21.7,1
094203,4094203,4,Queens County,21.8,1
120700,4120700,4,Queens County,21.8,1
061400,4061400,4,Queens County,21.9,1
090700,4090700,4,Queens County,21.9,1
063500,4063500,4,Queens County,22,1
067900,4067900,4,Queens County,22,1
071305,4071305,4,Queens County,22,1
077905,4077905,4,Queens County,22,1
120500,4120500,4,Queens County,22,1
077300,4077300,4,Queens County,22.1,1
113900,4113900,4,Queens County,22.1,1
121500,4121500,4,Queens County,22.1,1
145102,4145102,4,Queens County,22.1,1
029500,4029500,4,Queens County,22.2,1
068700,4068700,4,Queens County,22.2,1
069500,4069500,4,Queens County,22.2,1
119300,4119300,4,Queens County,22.2,1
024500,4024500,4,Queens County,22.3,1
077500,4077500,4,Queens County,22.3,1
077904,4077904,4,Queens County,22.3,1
049600,4049600,4,Queens County,22.4,1
056000,4056000,4,Queens County,22.4,1
063900,4063900,4,Queens County,22.4,1
093900,4093900,4,Queens County,22.5,1
009700,4009700,4,Queens County,22.6,1
045600,4045600,4,Queens County,22.6,1
062500,4062500,4,Queens County,22.6,1
118900,4118900,4,Queens County,22.6,1
126500,4126500,4,Queens County,22.6,1
054200,4054200,4,Queens County,22.7,1
063000,4063000,4,Queens County,22.7,1
157102,4157102,4,Queens County,22.7,1
100801,4100801,4,Queens County,22.8,1
013600,4013600,4,Queens County,22.9,1
071900,4071900,4,Queens County,22.9,1
013000,4013000,4,Queens County,23,1
022002,4022002,4,Queens County,23,1
060300,4060300,4,Queens County,23,1
062100,4062100,4,Queens County,23,1
069300,4069300,4,Queens County,23,1
079701,4079701,4,Queens County,23,1
083700,4083700,4,Queens County,23,1
101002,4101002,4,Queens County,23,1
014500,4014500,4,Queens County,23.1,1
016900,4016900,4,Queens County,23.1,1
028200,4028200,4,Queens County,23.1,1
045800,4045800,4,Queens County,23.1,1
049301,4049301,4,Queens County,23.1,1
071304,4071304,4,Queens County,23.1,1
074700,4074700,4,Queens County,23.1,1
062600,4062600,4,Queens County,23.2,1
084000,4084000,4,Queens County,23.2,1
001200,4001200,4,Queens County,23.3,1
059400,4059400,4,Queens County,23.3,1
061900,4061900,4,Queens County,23.3,1
062300,4062300,4,Queens County,23.3,1
077907,4077907,4,Queens County,23.3,1
014700,4014700,4,Queens County,23.4,1
029300,4029300,4,Queens County,23.4,1
051300,4051300,4,Queens County,23.5,1
063800,4063800,4,Queens County,23.5,1
093800,4093800,4,Queens County,23.5,1
144700,4144700,4,Queens County,23.5,1
002600,4002600,4,Queens County,23.6,1
010100,4010100,4,Queens County,23.6,1
020200,4020200,4,Queens County,23.6,1
056700,4056700,4,Queens County,23.7,1
061602,4061602,4,Queens County,23.7,1
079900,4079900,4,Queens County,23.7,1
071306,4071306,4,Queens County,23.8,1
005800,4005800,4,Queens County,23.9,1
008800,4008800,4,Queens County,23.9,1
018000,4018000,4,Queens County,23.9,1
074500,4074500,4,Queens County,23.9,1
007300,4007300,4,Queens County,24,1
025500,4025500,4,Queens County,24,1
056500,4056500,4,Queens County,24,1
162100,4162100,4,Queens County,24,1
048200,4048200,4,Queens County,24.1,1
053401,4053401,4,Queens County,24.1,1
112300,4112300,4,Queens County,24.1,1
116100,4116100,4,Queens County,24.1,1
122701,4122701,4,Queens County,24.1,1
011100,4011100,4,Queens County,24.2,1
029700,4029700,4,Queens County,24.2,1
049900,4049900,4,Queens County,24.2,1
062900,4062900,4,Queens County,24.2,1
125700,4125700,4,Queens County,24.2,1
126700,4126700,4,Queens County,24.2,1
134700,4134700,4,Queens County,24.2,1
028500,4028500,4,Queens County,24.3,1
047900,4047900,4,Queens County,24.3,1
063200,4063200,4,Queens County,24.3,1
010400,4010400,4,Queens County,24.4,1
013800,4013800,4,Queens County,24.4,1
023200,4023200,4,Queens County,24.4,1
059300,4059300,4,Queens County,24.4,1
059800,4059800,4,Queens County,24.4,1
065000,4065000,4,Queens County,24.4,1
069701,4069701,4,Queens County,24.4,1
025100,4025100,4,Queens County,24.5,1
048900,4048900,4,Queens County,24.5,1
050600,4050600,4,Queens County,24.5,1
086100,4086100,4,Queens County,24.5,1
002400,4002400,4,Queens County,24.6,1
013400,4013400,4,Queens County,24.6,1
045400,4045400,4,Queens County,24.6,1
052500,4052500,4,Queens County,24.6,1
005400,4005400,4,Queens County,24.7,1
021600,4021600,4,Queens County,24.7,1
053100,4053100,4,Queens County,24.7,1
080301,4080301,4,Queens County,24.7,1
091900,4091900,4,Queens County,24.7,1
006900,4006900,4,Queens County,24.8,1
048500,4048500,4,Queens County,24.8,1
049500,4049500,4,Queens County,24.8,1
012800,4012800,4,Queens County,24.9,1
015100,4015100,4,Queens County,24.9,1
018102,4018102,4,Queens County,24.9,1
058700,4058700,4,Queens County,24.9,1
088901,4088901,4,Queens County,24.9,1
118700,4118700,4,Queens County,24.9,1
156700,4156700,4,Queens County,24.9,1
009500,4009500,4,Queens County,25,1
010600,4010600,4,Queens County,25,1
030904,4030904,4,Queens County,25,1
035100,4035100,4,Queens County,25,1
085900,4085900,4,Queens County,25,1
120100,4120100,4,Queens County,25,1
014000,4014000,4,Queens County,25.1,1
017200,4017200,4,Queens County,25.1,1
047300,4047300,4,Queens County,25.1,1
064600,4064600,4,Queens County,25.1,1
084601,4084601,4,Queens County,25.1,1
008600,4008600,4,Queens County,25.2,1
009100,4009100,4,Queens County,25.2,1
012500,4012500,4,Queens County,25.2,1
018300,4018300,4,Queens County,25.2,1
048000,4048000,4,Queens County,25.2,1
052000,4052000,4,Queens County,25.2,1
118100,4118100,4,Queens County,25.2,1
011200,4011200,4,Queens County,25.3,1
013700,4013700,4,Queens County,25.3,1
018700,4018700,4,Queens County,25.3,1
027900,4027900,4,Queens County,25.3,1
045000,4045000,4,Queens County,25.3,1
046400,4046400,4,Queens County,25.3,1
052200,4052200,4,Queens County,25.3,1
146700,4146700,4,Queens County,25.3,1
000700,4000700,4,Queens County,25.4,1
002000,4002000,4,Queens County,25.4,1
035200,4035200,4,Queens County,25.4,1
035700,4035700,4,Queens County,25.4,1
046600,4046600,4,Queens County,25.4,1
103202,4103202,4,Queens County,25.4,1
016400,4016400,4,Queens County,25.5,1
018200,4018200,4,Queens County,25.5,1
018501,4018501,4,Queens County,25.5,1
083800,4083800,4,Queens County,25.5,1
017000,4017000,4,Queens County,25.6,1
022001,4022001,4,Queens County,25.6,1
028100,4028100,4,Queens County,25.6,1
047000,4047000,4,Queens County,25.6,1
062700,4062700,4,Queens County,25.6,1
068300,4068300,4,Queens County,25.6,1
117100,4117100,4,Queens County,25.6,1
003400,4003400,4,Queens County,25.7,1
015802,4015802,4,Queens County,25.7,1
058100,4058100,4,Queens County,25.7,1
012301,4012301,4,Queens County,25.8,1
014800,4014800,4,Queens County,25.8,1
017400,4017400,4,Queens County,25.8,1
049700,4049700,4,Queens County,25.8,1
056800,4056800,4,Queens County,25.8,1
010300,4010300,4,Queens County,25.9,1
042400,4042400,4,Queens County,25.9,1
046800,4046800,4,Queens County,25.9,1
053601,4053601,4,Queens County,25.9,1
059500,4059500,4,Queens County,25.9,1
079702,4079702,4,Queens County,25.9,1
000800,4000800,4,Queens County,26,1
005900,4005900,4,Queens County,26,1
006202,4006202,4,Queens County,26,1
014202,4014202,4,Queens County,26,1
051600,4051600,4,Queens County,26,1
055200,4055200,4,Queens County,26,1
058000,4058000,4,Queens County,26,1
027100,4027100,4,Queens County,26.1,1
015600,4015600,4,Queens County,26.2,1
024300,4024300,4,Queens County,26.2,1
030903,4030903,4,Queens County,26.2,1
033900,4033900,4,Queens County,26.2,1
049200,4049200,4,Queens County,26.2,1
050400,4050400,4,Queens County,26.2,1
060100,4060100,4,Queens County,26.2,1
060800,4060800,4,Queens County,26.2,1
061800,4061800,4,Queens County,26.2,1
084500,4084500,4,Queens County,26.2,1
007500,4007500,4,Queens County,26.3,1
010200,4010200,4,Queens County,26.3,1
016800,4016800,4,Queens County,26.3,1
028900,4028900,4,Queens County,26.3,1
029100,4029100,4,Queens County,26.3,1
030902,4030902,4,Queens County,26.3,1
056600,4056600,4,Queens County,26.3,1
057900,4057900,4,Queens County,26.3,1
005300,4005300,4,Queens County,26.4,1
009800,4009800,4,Queens County,26.4,1
011700,4011700,4,Queens County,26.4,1
012100,4012100,4,Queens County,26.4,1
056400,4056400,4,Queens County,26.4,1
078800,4078800,4,Queens County,26.4,1
094700,4094700,4,Queens County,26.4,1
115900,4115900,4,Queens County,26.4,1
001800,4001800,4,Queens County,26.5,1
001900,4001900,4,Queens County,26.5,1
012602,4012602,4,Queens County,26.5,1
043200,4043200,4,Queens County,26.5,1
048400,4048400,4,Queens County,26.5,1
049302,4049302,4,Queens County,26.5,1
051000,4051000,4,Queens County,26.5,1
053200,4053200,4,Queens County,26.5,1
061301,4061301,4,Queens County,26.5,1
000200,4000200,4,Queens County,26.6,1
009400,4009400,4,Queens County,26.6,1
013200,4013200,4,Queens County,26.6,1
015900,4015900,4,Queens County,26.6,1
019200,4019200,4,Queens County,26.6,1
058200,4058200,4,Queens County,26.6,1
006100,4006100,4,Queens County,26.7,1
028300,4028300,4,Queens County,26.7,1
048300,4048300,4,Queens County,26.7,1
053000,4053000,4,Queens County,26.7,1
068000,4068000,4,Queens County,26.7,1
004401,4004401,4,Queens County,26.8,1
007100,4007100,4,Queens County,26.8,1
019400,4019400,4,Queens County,26.8,1
058500,4058500,4,Queens County,26.8,1
115500,4115500,4,Queens County,26.8,1
010500,4010500,4,Queens County,26.9,1
016600,4016600,4,Queens County,26.9,1
032900,4032900,4,Queens County,26.9,1
044800,4044800,4,Queens County,26.9,1
006501,4006501,4,Queens County,27,1
011300,4011300,4,Queens County,27,1
011800,4011800,4,Queens County,27,1
015400,4015400,4,Queens County,27,1
015500,4015500,4,Queens County,27,1
025700,4025700,4,Queens County,27,1
028700,4028700,4,Queens County,27,1
040000,4040000,4,Queens County,27,1
043400,4043400,4,Queens County,27,1
003000,4003000,4,Queens County,27.1,1
034700,4034700,4,Queens County,27.1,1
039400,4039400,4,Queens County,27.1,1
051200,4051200,4,Queens County,27.1,1
086500,4086500,4,Queens County,27.1,1
015200,4015200,4,Queens County,27.2,1
021400,4021400,4,Queens County,27.2,1
069400,4069400,4,Queens County,27.2,1
086300,4086300,4,Queens County,27.2,1
000100,4000100,4,Queens County,27.3,1
003200,4003200,4,Queens County,27.3,1
004001,4004001,4,Queens County,27.3,1
011600,4011600,4,Queens County,27.3,1
016300,4016300,4,Queens County,27.3,1
050202,4050202,4,Queens County,27.3,1
050500,4050500,4,Queens County,27.3,1
100802,4100802,4,Queens County,27.3,1
003600,4003600,4,Queens County,27.4,1
011500,4011500,4,Queens County,27.4,1
014300,4014300,4,Queens County,27.4,1
017600,4017600,4,Queens County,27.4,1
052400,4052400,4,Queens County,27.4,1
086400,4086400,4,Queens County,27.4,1
092900,4092900,4,Queens County,27.4,1
001000,4001000,4,Queens County,27.5,1
010800,4010800,4,Queens County,27.5,1
024900,4024900,4,Queens County,27.5,1
039800,4039800,4,Queens County,27.5,1
085700,4085700,4,Queens County,27.5,1
006300,4006300,4,Queens County,27.6,1
014900,4014900,4,Queens County,27.6,1
015300,4015300,4,Queens County,27.6,1
026600,4026600,4,Queens County,27.6,1
051700,4051700,4,Queens County,27.6,1
046200,4046200,4,Queens County,27.7,1
051800,4051800,4,Queens County,27.7,1
057700,4057700,4,Queens County,27.7,1
081800,4081800,4,Queens County,27.7,1
085500,4085500,4,Queens County,27.7,1
002200,4002200,4,Queens County,27.8,1
019000,4019000,4,Queens County,27.8,1
045700,4045700,4,Queens County,27.8,1
058300,4058300,4,Queens County,27.8,1
092500,4092500,4,Queens County,27.8,1
116300,4116300,4,Queens County,27.8,1
011000,4011000,4,Queens County,27.9,1
018402,4018402,4,Queens County,27.9,1
018502,4018502,4,Queens County,27.9,1
033402,4033402,4,Queens County,27.9,1
085300,4085300,4,Queens County,27.9,1
005000,4005000,4,Queens County,28,1
024700,4024700,4,Queens County,28,1
027400,4027400,4,Queens County,28,1
040400,4040400,4,Queens County,28,1
099802,4099802,4,Queens County,28,1
007900,4007900,4,Queens County,28.1,1
010000,4010000,4,Queens County,28.1,1
012200,4012200,4,Queens County,28.1,1
018600,4018600,4,Queens County,28.1,1
035800,4035800,4,Queens County,28.1,1
084602,4084602,4,Queens County,28.1,1
001400,4001400,4,Queens County,28.2,1
018900,4018900,4,Queens County,28.2,1
026300,4026300,4,Queens County,28.2,1
040200,4040200,4,Queens County,28.2,1
048100,4048100,4,Queens County,28.2,1
053800,4053800,4,Queens County,28.2,1
068200,4068200,4,Queens County,28.2,1
118500,4118500,4,Queens County,28.2,1
000600,4000600,4,Queens County,28.3,1
017800,4017800,4,Queens County,28.3,1
017900,4017900,4,Queens County,28.3,1
066000,4066000,4,Queens County,28.3,1
028000,4028000,4,Queens County,28.4,1
036600,4036600,4,Queens County,28.4,1
081400,4081400,4,Queens County,28.4,1
119100,4119100,4,Queens County,28.4,1
014400,4014400,4,Queens County,28.5,1
026500,4026500,4,Queens County,28.5,1
029400,4029400,4,Queens County,28.5,1
024000,4024000,4,Queens County,28.6,1
030600,4030600,4,Queens County,28.6,1
032700,4032700,4,Queens County,28.6,1
037600,4037600,4,Queens County,28.6,1
007700,4007700,4,Queens County,28.7,1
011900,4011900,4,Queens County,28.7,1
047500,4047500,4,Queens County,28.7,1
096400,4096400,4,Queens County,28.7,1
005200,4005200,4,Queens County,28.8,1
006502,4006502,4,Queens County,28.8,1
008500,4008500,4,Queens County,28.8,1
012000,4012000,4,Queens County,28.8,1
018101,4018101,4,Queens County,28.8,1
026100,4026100,4,Queens County,28.8,1
032000,4032000,4,Queens County,28.8,1
065400,4065400,4,Queens County,28.8,1
000400,4000400,4,Queens County,28.9,1
001600,4001600,4,Queens County,28.9,1
033000,4033000,4,Queens County,28.9,1
043701,4043701,4,Queens County,28.9,1
047100,4047100,4,Queens County,28.9,1
018401,4018401,4,Queens County,29,1
020600,4020600,4,Queens County,29,1
004200,4004200,4,Queens County,29.1,1
025301,4025301,4,Queens County,29.1,1
026901,4026901,4,Queens County,29.1,1
028800,4028800,4,Queens County,29.1,1
065600,4065600,4,Queens County,29.1,1
005500,4005500,4,Queens County,29.2,1
015801,4015801,4,Queens County,29.2,1
020800,4020800,4,Queens County,29.2,1
023600,4023600,4,Queens County,29.2,1
038400,4038400,4,Queens County,29.2,1
053900,4053900,4,Queens County,29.2,1
025900,4025900,4,Queens County,29.3,1
086900,4086900,4,Queens County,29.3,1
095400,4095400,4,Queens County,29.3,1
003900,4003900,4,Queens County,29.4,1
004002,4004002,4,Queens County,29.4,1
027200,4027200,4,Queens County,29.4,1
052600,4052600,4,Queens County,29.4,1
052800,4052800,4,Queens County,29.4,1
054000,4054000,4,Queens County,29.4,1
101001,4101001,4,Queens County,29.4,1
014100,4014100,4,Queens County,29.5,1
020400,4020400,4,Queens County,29.5,1
050800,4050800,4,Queens County,29.5,1
059100,4059100,4,Queens County,29.5,1
008300,4008300,4,Queens County,29.6,1
026200,4026200,4,Queens County,29.6,1
044301,4044301,4,Queens County,29.6,1
008100,4008100,4,Queens County,29.7,1
027700,4027700,4,Queens County,29.7,1
036800,4036800,4,Queens County,29.7,1
044400,4044400,4,Queens County,29.7,1
116700,4116700,4,Queens County,29.7,1
018800,4018800,4,Queens County,29.8,1
066400,4066400,4,Queens County,29.8,1
077908,4077908,4,Queens County,29.8,1
032800,4032800,4,Queens County,29.9,1
044601,4044601,4,Queens County,29.9,1
099801,4099801,4,Queens County,29.9,1
023800,4023800,4,Queens County,30,1
025800,4025800,4,Queens County,30,1
055700,4055700,4,Queens County,30,1
036700,4036700,4,Queens County,30.1,1
043702,4043702,4,Queens County,30.1,1
046000,4046000,4,Queens County,30.1,1
004700,4004700,4,Queens County,30.2,1
094201,4094201,4,Queens County,30.3,1
097204,4097204,4,Queens County,30.3,1
016100,4016100,4,Queens County,30.4,1
050201,4050201,4,Queens County,30.4,1
079200,4079200,4,Queens County,30.4,1
122702,4122702,4,Queens County,30.4,1
005700,4005700,4,Queens County,30.5,1
019600,4019600,4,Queens County,30.5,1
003800,4003800,4,Queens County,30.6,1
012400,4012400,4,Queens County,30.6,1
033700,4033700,4,Queens County,30.6,1
050000,4050000,4,Queens County,30.6,1
002800,4002800,4,Queens County,30.7,1
026902,4026902,4,Queens County,30.7,1
045900,4045900,4,Queens County,30.7,1
055100,4055100,4,Queens County,30.7,1
003300,4003300,4,Queens County,30.8,1
037300,4037300,4,Queens County,30.8,1
079000,4079000,4,Queens County,30.8,1
037100,4037100,4,Queens County,30.9,1
046900,4046900,4,Queens County,30.9,1
005100,4005100,4,Queens County,31,1
069000,4069000,4,Queens County,31,1
027600,4027600,4,Queens County,31.1,1
033401,4033401,4,Queens County,31.1,1
046100,4046100,4,Queens County,31.1,1
058900,4058900,4,Queens County,31.1,1
026400,4026400,4,Queens County,31.2,1
028400,4028400,4,Queens County,31.2,1
035300,4035300,4,Queens County,31.2,1
012601,4012601,4,Queens County,31.3,1
060701,4060701,4,Queens County,31.4,1
019900,4019900,4,Queens County,31.5,1
044302,4044302,4,Queens County,31.5,1
003100,4003100,4,Queens County,31.6,1
054700,4054700,4,Queens County,31.7,1
044000,4044000,4,Queens County,31.9,1
026700,4026700,4,Queens County,32,1
084900,4084900,4,Queens County,32,1
099200,4099200,4,Queens County,32,1
023500,4023500,4,Queens County,32.1,1
027000,4027000,4,Queens County,32.1,1
046700,4046700,4,Queens County,32.1,1
041400,4041400,4,Queens County,32.2,1
021200,4021200,4,Queens County,32.3,1
027800,4027800,4,Queens County,32.3,1
011400,4011400,4,Queens County,32.4,1
025302,4025302,4,Queens County,32.4,1
014201,4014201,4,Queens County,32.5,1
041300,4041300,4,Queens County,32.5,1
041500,4041500,4,Queens County,32.5,1
046500,4046500,4,Queens County,32.5,1
027500,4027500,4,Queens County,32.6,1
053500,4053500,4,Queens County,32.6,1
042700,4042700,4,Queens County,32.7,1
094202,4094202,4,Queens County,32.7,1
055500,4055500,4,Queens County,32.8,1
015700,4015700,4,Queens County,33,1
020500,4020500,4,Queens County,33,1
044602,4044602,4,Queens County,33,1
019800,4019800,4,Queens County,33.1,1
036100,4036100,4,Queens County,33.1,1
054500,4054500,4,Queens County,33.4,1
043900,4043900,4,Queens County,33.5,1
046300,4046300,4,Queens County,33.6,1
036500,4036500,4,Queens County,33.7,1
045500,4045500,4,Queens County,33.8,1
055300,4055300,4,Queens County,33.8,1
036300,4036300,4,Queens County,34,1
027300,4027300,4,Queens County,34.2,1
055900,4055900,4,Queens County,34.3,1
041100,4041100,4,Queens County,34.4,1
037500,4037500,4,Queens County,34.5,1
087100,4087100,4,Queens County,34.5,1
040900,4040900,4,Queens County,34.7,1
038100,4038100,4,Queens County,34.8,1
025400,4025400,4,Queens County,34.9,1
103201,4103201,4,Queens County,34.9,1
040700,4040700,4,Queens County,35.2,1
004300,4004300,4,Queens County,35.8,1
039900,4039900,4,Queens County,36.1,1
054900,4054900,4,Queens County,36.1,1
040100,4040100,4,Queens County,36.4,1
002500,4002500,4,Queens County,36.5,1
037700,4037700,4,Queens County,36.9,1
040500,4040500,4,Queens County,36.9,1
026000,4026000,4,Queens County,37.2,1
037900,4037900,4,Queens County,37.2,1
040300,4040300,4,Queens County,38.6,1
097203,4097203,4,Queens County,39.1,1
008700,4008700,4,Queens County,39.5,1
097202,4097202,4,Queens County,40.4,1
008900,5008900,5,Richmond County,,1
009700,5009700,5,Richmond County,,1
009700,5009700,5,Richmond County,,1
015400,5015400,5,Richmond County,,1
990100,5990100,5,Richmond County,,1
014606,5014606,5,Richmond County,10.2,1
012100,5012100,5,Richmond County,10.7,1
015602,5015602,5,Richmond County,11.8,1
027900,5027900,5,Richmond County,13.3,1
017008,5017008,5,Richmond County,13.5,1
017700,5017700,5,Richmond County,13.7,1
013800,5013800,5,Richmond County,14,1
014605,5014605,5,Richmond County,14.2,1
018100,5018100,5,Richmond County,14.3,1
019700,5019700,5,Richmond County,14.4,1
015601,5015601,5,Richmond County,14.7,1
020804,5020804,5,Richmond County,14.9,1
013201,5013201,5,Richmond County,15.1,1
002002,5002002,5,Richmond County,15.7,1
014607,5014607,5,Richmond County,15.9,1
017010,5017010,5,Richmond County,16,1
017012,5017012,5,Richmond County,16.1,1
027705,5027705,5,Richmond County,16.1,1
013204,5013204,5,Richmond County,16.3,1
017005,5017005,5,Richmond County,16.5,1
017600,5017600,5,Richmond County,16.5,1
024401,5024401,5,Richmond County,16.5,1
013203,5013203,5,Richmond County,16.6,1
017009,5017009,5,Richmond County,16.9,1
027704,5027704,5,Richmond County,16.9,1
014604,5014604,5,Richmond County,17.1,1
014700,5014700,5,Richmond County,17.1,1
018902,5018902,5,Richmond County,17.1,1
025100,5025100,5,Richmond County,17.2,1
012200,5012200,5,Richmond County,17.3,1
020801,5020801,5,Richmond County,17.5,1
018702,5018702,5,Richmond County,17.6,1
015603,5015603,5,Richmond County,17.8,1
017011,5017011,5,Richmond County,17.8,1
014608,5014608,5,Richmond County,18.1,1
019800,5019800,5,Richmond County,18.3,1
027302,5027302,5,Richmond County,18.3,1
024402,5024402,5,Richmond County,18.4,1
020803,5020803,5,Richmond County,18.6,1
018701,5018701,5,Richmond County,18.7,1
013400,5013400,5,Richmond County,18.8,1
015100,5015100,5,Richmond County,18.8,1
022600,5022600,5,Richmond County,18.8,1
029103,5029103,5,Richmond County,18.8,1
009602,5009602,5,Richmond County,19,1
027301,5027301,5,Richmond County,19,1
029104,5029104,5,Richmond County,19.1,1
011402,5011402,5,Richmond County,19.2,1
018901,5018901,5,Richmond County,19.2,1
009601,5009601,5,Richmond County,19.3,1
011201,5011201,5,Richmond County,19.4,1
011202,5011202,5,Richmond County,19.5,1
020100,5020100,5,Richmond County,19.6,1
000600,5000600,5,Richmond County,19.7,1
012805,5012805,5,Richmond County,19.7,1
029102,5029102,5,Richmond County,19.7,1
005900,5005900,5,Richmond County,19.8,1
017007,5017007,5,Richmond County,19.9,1
016901,5016901,5,Richmond County,20,1
022800,5022800,5,Richmond County,20.1,1
024800,5024800,5,Richmond County,20.1,1
004700,5004700,5,Richmond County,20.3,1
002001,5002001,5,Richmond County,20.4,1
027706,5027706,5,Richmond County,20.4,1
027702,5027702,5,Richmond County,20.6,1
006700,5006700,5,Richmond County,20.8,1
007400,5007400,5,Richmond County,21.2,1
012806,5012806,5,Richmond County,21.2,1
007000,5007000,5,Richmond County,21.3,1
012804,5012804,5,Richmond County,21.4,1
005000,5005000,5,Richmond County,21.5,1
030302,5030302,5,Richmond County,22,1
003300,5003300,5,Richmond County,22.2,1
030301,5030301,5,Richmond County,22.2,1
000800,5000800,5,Richmond County,22.8,1
003600,5003600,5,Richmond County,23.5,1
014100,5014100,5,Richmond County,24,1
010500,5010500,5,Richmond County,24.5,1
006400,5006400,5,Richmond County,24.8,1
012500,5012500,5,Richmond County,24.9,1
017300,5017300,5,Richmond County,25,1
000300,5000300,5,Richmond County,25.2,1
008100,5008100,5,Richmond County,25.2,1
032300,5032300,5,Richmond County,25.8,1
003900,5003900,5,Richmond County,25.9,1
023100,5023100,5,Richmond County,26,1
024700,5024700,5,Richmond County,26.3,1
007500,5007500,5,Richmond County,26.5,1
001700,5001700,5,Richmond County,27,1
021300,5021300,5,Richmond County,27.1,1
011401,5011401,5,Richmond County,27.7,1
023900,5023900,5,Richmond County,28,1
002700,5002700,5,Richmond County,29.2,1
022300,5022300,5,Richmond County,29.5,1
001100,5001100,5,Richmond County,30.5,1
004000,5004000,5,Richmond County,30.5,1
002100,5002100,5,Richmond County,30.6,1
020700,5020700,5,Richmond County,30.8,1
001800,5001800,5,Richmond County,31.2,1
031901,5031901,5,Richmond County,31.3,1
031902,5031902,5,Richmond County,31.5,1
000700,5000700,5,Richmond County,31.6,1
000900,5000900,5,Richmond County,31.6,1
007700,5007700,5,Richmond County,32.8,1
013302,5013302,5,Richmond County,33.1,1
002900,5002900,5,Richmond County,34,1
013301,5013301,5,Richmond County,38.5,1
